course_number,course_title,standard_id,standard_text,benchmark_id,benchmark_text,bullets,cognitive_level,cognitive_label,modality,optional,mock_activity,topics,statutes,rules,cases,named_references,repeats_in,weight,suggested_periods
8918010,Criminal Justice Operations 1,01.0,"Identify the history, goals, and career opportunities in the criminal justice system.",01.01,"Describe the parts and functions of the criminal justice system and the three (3) branches and at the Federal, State, County and Local levels of government.",,2,Understand,knowledge,false,false,system-overview,,,,,,1.4,2.75
8918010,Criminal Justice Operations 1,01.0,"Identify the history, goals, and career opportunities in the criminal justice system.",01.02,Identify the history and goals of the criminal justice system.,,1,Remember,knowledge,false,false,system-overview,,,,,,1.2,2.5
8918010,Criminal Justice Operations 1,01.0,"Identify the history, goals, and career opportunities in the criminal justice system.",01.03,Identify and describe career opportunities in the criminal justice system.,,2,Understand,knowledge,false,false,employability; system-overview,,,,,,1.2,2.5
8918010,Criminal Justice Operations 1,01.0,"Identify the history, goals, and career opportunities in the criminal justice system.",01.04,Identify the prerequisites for job entry into the criminal justice system.,,1,Remember,knowledge,false,false,employability; system-overview,,,,,,1.2,2.5
8918010,Criminal Justice Operations 1,01.0,"Identify the history, goals, and career opportunities in the criminal justice system.",01.05,"Identify the leadership opportunities, benefits, and awards available through participation in FPSA and other CTSO events, including competitions and activities.",,1,Remember,knowledge,false,false,ctso,,,,,,1.4,2.75
8918010,Criminal Justice Operations 1,02.0,Interpret ethics and professionalism in relation to the criminal justice system.,02.01,Interpret the codes of ethics for the criminal justice system.,,2,Understand,knowledge,false,false,ethics; system-overview,,,,,,1.2,2.5
8918010,Criminal Justice Operations 1,02.0,Interpret ethics and professionalism in relation to the criminal justice system.,02.02,Apply standards of professionalism in the criminal justice system.,,3,Apply,performance,false,false,ethics; system-overview,,,,,,2.2,4.5
8918010,Criminal Justice Operations 1,02.0,Interpret ethics and professionalism in relation to the criminal justice system.,02.03,Define discrimination.,,1,Remember,knowledge,false,false,ethics,,,,,,1.1,2.25
8918010,Criminal Justice Operations 1,02.0,Interpret ethics and professionalism in relation to the criminal justice system.,02.04,Define sexual harassment.,,1,Remember,knowledge,false,false,ethics,,,,,,1.1,2.25
8918010,Criminal Justice Operations 1,03.0,"Discuss constitutional and criminal laws at the federal, state, and local levels.",03.01,"Discuss how political, moral, and economic concerns lead to the development of laws.",,2,Understand,knowledge,false,false,,,,,,,1.2,2.5
8918010,Criminal Justice Operations 1,03.0,"Discuss constitutional and criminal laws at the federal, state, and local levels.",03.02,Identify constitutional law as it applies to the criminal justice system.,,1,Remember,knowledge,false,false,law-legal; system-overview,,,,,,1.2,2.5
8918010,Criminal Justice Operations 1,03.0,"Discuss constitutional and criminal laws at the federal, state, and local levels.",03.03,Distinguish between state and federal laws.,,2,Understand,knowledge,false,false,,,,,,,1.1,2.25
8918010,Criminal Justice Operations 1,03.0,"Discuss constitutional and criminal laws at the federal, state, and local levels.",03.04,"Differentiate between, and identify elements of, civil and criminal law.",,2,Understand,knowledge,false,false,law-legal,,,,,,1.2,2.5
8918010,Criminal Justice Operations 1,03.0,"Discuss constitutional and criminal laws at the federal, state, and local levels.",03.05,Discuss the impact of local ordinances.,,2,Understand,knowledge,false,false,law-legal,,,,,,1.1,2.25
8918010,Criminal Justice Operations 1,03.0,"Discuss constitutional and criminal laws at the federal, state, and local levels.",03.06,Describe criminal law procedures in Florida.,,2,Understand,knowledge,false,false,,,,,,,1.1,2.25
8918010,Criminal Justice Operations 1,03.0,"Discuss constitutional and criminal laws at the federal, state, and local levels.",03.07,Identify misdemeanor and felony criminal law procedures in Florida.,,1,Remember,knowledge,false,false,courts-testimony; law-legal,,,,,,1.2,2.5
8918010,Criminal Justice Operations 1,03.0,"Discuss constitutional and criminal laws at the federal, state, and local levels.",03.08,"Describe Federal, State, and local law enforcement roles and responsibilities.",,2,Understand,knowledge,false,false,system-overview,,,,,,1.2,2.5
8918010,Criminal Justice Operations 1,04.0,Describe court systems and trial processes.,04.01,Describe the federal court system as it applies to the criminal justice system.,,2,Understand,knowledge,false,false,courts-testimony; system-overview,,,,,,1.2,2.5
8918010,Criminal Justice Operations 1,04.0,Describe court systems and trial processes.,04.02,Describe the Florida court system as it applies to the criminal justice system.,,2,Understand,knowledge,false,false,courts-testimony; system-overview,,,,,,1.2,2.5
8918010,Criminal Justice Operations 1,04.0,Describe court systems and trial processes.,04.03,"Describe the pretrial, trial, and post-trial processes.",,2,Understand,knowledge,false,false,courts-testimony,,,,,,1.1,2.25
8918010,Criminal Justice Operations 1,04.0,Describe court systems and trial processes.,04.04,Describe the roles and responsibilities of the people involved in the trial processes.,,2,Understand,knowledge,false,false,courts-testimony; system-overview,,,,,,1.2,2.5
8918010,Criminal Justice Operations 1,04.0,Describe court systems and trial processes.,04.05,Describe the warrant and summons processes.,,2,Understand,knowledge,false,false,,,,,,,1.1,2.25
8918010,Criminal Justice Operations 1,04.0,Describe court systems and trial processes.,04.06,Explain how to notify witnesses and defendants of court schedules.,,2,Understand,knowledge,false,false,courts-testimony,,,,,,1.2,2.5
8918010,Criminal Justice Operations 1,04.0,Describe court systems and trial processes.,04.07,Demonstrate courtroom demeanor and participate in a mock trial.,,3,Apply,performance,false,true,courts-testimony,,,,,,2.7,5.5
8918010,Criminal Justice Operations 1,05.0,Discuss the juvenile justice system.,05.01,Describe the history of the juvenile justice system.,,2,Understand,knowledge,false,false,juvenile; system-overview,,,,,,1.1,2.25
8918010,Criminal Justice Operations 1,05.0,Discuss the juvenile justice system.,05.02,Identify the programs and agencies within the juvenile justice system and their roles and responsibilities.,,1,Remember,knowledge,false,false,juvenile; system-overview,,,,,,1.3,2.75
8918010,Criminal Justice Operations 1,05.0,Discuss the juvenile justice system.,05.03,Identify law enforcement procedures related to juvenile delinquency.,,1,Remember,knowledge,false,false,juvenile,,,,,,1.2,2.5
8918010,Criminal Justice Operations 1,05.0,Discuss the juvenile justice system.,05.04,"Discuss Florida's juvenile court system, including procedures and alternative programs.",,2,Understand,knowledge,false,false,courts-testimony; juvenile; system-overview,,,,,,1.2,2.5
8918010,Criminal Justice Operations 1,05.0,Discuss the juvenile justice system.,05.05,"Discuss the juvenile corrections system, including alternative programs.",,2,Understand,knowledge,false,false,juvenile; corrections,,,,,,1.2,2.5
8918010,Criminal Justice Operations 1,05.0,Discuss the juvenile justice system.,05.06,Analyze current trends in juvenile justice.,,4,Analyze,knowledge,false,false,juvenile,,,,,,1.1,2.25
8918010,Criminal Justice Operations 1,06.0,Describe the correctional system.,06.01,Describe the history of corrections.,,2,Understand,knowledge,false,false,corrections; system-overview,,,,,,1.1,2.25
8918010,Criminal Justice Operations 1,06.0,Describe the correctional system.,06.02,"Differentiate between local, state, and federal correctional systems.",,2,Understand,knowledge,false,false,corrections,,,,,,1.2,2.5
8918010,Criminal Justice Operations 1,06.0,Describe the correctional system.,06.03,Compare and contrast different types of prison- and community-based programs.,,2,Understand,knowledge,false,false,corrections,,,,,,1.2,2.5
8918010,Criminal Justice Operations 1,06.0,Describe the correctional system.,06.04,Identify major correctional operations procedures and programs.,,1,Remember,knowledge,false,false,corrections,,,,,,1.2,2.5
8918010,Criminal Justice Operations 1,06.0,Describe the correctional system.,06.05,Debate legal issues concerning the rights of inmates and the duties and responsibilities of correctional officers.,,5,Evaluate,knowledge,false,false,law-legal; corrections,,,,,,1.3,2.75
8918010,Criminal Justice Operations 1,06.0,Describe the correctional system.,06.06,"Analyze current trends in correctional reform, including privatization.",,4,Analyze,knowledge,false,false,corrections,,,,,,1.2,2.5
8918010,Criminal Justice Operations 1,06.0,Describe the correctional system.,06.07,Identify the unique interpersonal skills required in communicating with inmates.,,1,Remember,knowledge,false,false,corrections; communication,,,,,,1.2,2.5
8918010,Criminal Justice Operations 1,07.0,"Utilize personal, interpersonal, and communication skills.",07.01,Follow directions.,,3,Apply,knowledge,false,false,,,,,,,1,2
8918010,Criminal Justice Operations 1,07.0,"Utilize personal, interpersonal, and communication skills.",07.02,"Display integrity, loyalty, dependability, and punctuality.",,3,Apply,knowledge,false,false,ethics,,,,,,1.1,2.25
8918010,Criminal Justice Operations 1,07.0,"Utilize personal, interpersonal, and communication skills.",07.03,Identify and apply strategies for showing compassion and working well with others.,,3,Apply,performance,false,false,,,,,,,2.2,4.5
8918010,Criminal Justice Operations 1,07.0,"Utilize personal, interpersonal, and communication skills.",07.04,Create and demonstrate responsible ways of dealing with criticism.,,6,Create,performance,false,false,,,,,,,2.2,4.5
8918010,Criminal Justice Operations 1,07.0,"Utilize personal, interpersonal, and communication skills.",07.05,Identify personal stressors and evaluate methods for resolution.,,5,Evaluate,knowledge,false,false,safety-wellness,,,,,,1.2,2.5
8918010,Criminal Justice Operations 1,07.0,"Utilize personal, interpersonal, and communication skills.",07.06,"Describe safe and responsible ways of responding to expressions of hostility or threats, including the use of security procedures and systems.",,2,Understand,knowledge,false,false,,,,,,,1.4,2.75
8918010,Criminal Justice Operations 1,07.0,"Utilize personal, interpersonal, and communication skills.",07.07,Identify and plan solutions for situations that require crisis management and conflict resolution.,,3,Apply,performance,false,false,emergency-response,,,,,,2.2,4.5
8918010,Criminal Justice Operations 1,07.0,"Utilize personal, interpersonal, and communication skills.",07.08,"Use telecommunications to relay messages in a courteous, respectful way.",,3,Apply,performance,false,false,courts-testimony; communication,,,,,,2.2,4.5
8918010,Criminal Justice Operations 1,07.0,"Utilize personal, interpersonal, and communication skills.",07.09,Explain the purpose the use of communication codes and the phonetic alphabet.,,3,Apply,performance,false,false,communication,,,,,,2.2,4.5
8918010,Criminal Justice Operations 1,07.0,"Utilize personal, interpersonal, and communication skills.",07.10,Describe the different types of communication equipment and identify protocols for their use.,,2,Understand,knowledge,false,false,communication,,,,,,1.2,2.5
8918010,Criminal Justice Operations 1,07.0,"Utilize personal, interpersonal, and communication skills.",07.11,Identify interviewing techniques used with witnesses and victims.,,1,Remember,knowledge,false,false,communication,,,,,,1.2,2.5
8918010,Criminal Justice Operations 1,08.0,Demonstrate employability skills.,08.01,Identify sources of information regarding employment opportunities in criminal justice operations.,,1,Remember,knowledge,false,false,employability,,,,,,1.2,2.5
8918010,Criminal Justice Operations 1,08.0,Demonstrate employability skills.,08.02,Identify advanced career options and training opportunities in the criminal justice profession.,,1,Remember,knowledge,false,false,employability,,,,,,1.2,2.5
8918010,Criminal Justice Operations 1,08.0,Demonstrate employability skills.,08.03,"Conduct a job search and identify the training, experience, and other qualifications required for different positions.",,3,Apply,performance,false,false,employability,,,,,8918060:38.03,2.3,4.75
8918010,Criminal Justice Operations 1,08.0,Demonstrate employability skills.,08.04,"Identify the interpersonal skills, work habits, and ethics necessary for ongoing employment in an environment of human diversity.",,1,Remember,knowledge,false,false,communication; diversity; ethics; employability,,,,,8918060:38.04,1.3,2.75
8918010,Criminal Justice Operations 1,08.0,Demonstrate employability skills.,08.05,Identify health and grooming habits that facilitate positive interactions with individuals and ongoing employment in criminal justice operations.,,3,Apply,performance,false,false,ethics; employability,,,,,,2.4,5
8918010,Criminal Justice Operations 1,08.0,Demonstrate employability skills.,08.06,Secure information about a particular job.,,3,Apply,performance,false,false,employability,,,,,8918060:38.05,2.1,4.25
8918010,Criminal Justice Operations 1,08.0,Demonstrate employability skills.,08.07,Complete a job resume and cover letter.,,3,Apply,performance,false,false,employability,,,,,,2.1,4.25
8918010,Criminal Justice Operations 1,08.0,Demonstrate employability skills.,08.08,Complete a job application.,,3,Apply,performance,false,false,employability,,,,,8918060:38.07,2.1,4.25
8918010,Criminal Justice Operations 1,08.0,Demonstrate employability skills.,08.09,Apply effective job interview techniques.,,3,Apply,performance,false,false,communication; employability,,,,,8918060:38.08,2.1,4.25
8918010,Criminal Justice Operations 1,08.0,Demonstrate employability skills.,08.10,Describe how to make job changes appropriately.,,3,Apply,performance,false,false,employability,,,,,,2.1,4.25
8918020,Criminal Justice Operations 2,09.0,Describe and demonstrate the fundamentals of patrol.,09.01,State main duties and responsibilities of patrol officers.,,1,Remember,knowledge,false,false,patrol,,,,,,1.1,1.5
8918020,Criminal Justice Operations 2,09.0,Describe and demonstrate the fundamentals of patrol.,09.02,Identify different patrol types and zones and evaluate the advantages and disadvantages of each.,,5,Evaluate,knowledge,false,false,patrol,,,,,,1.2,1.75
8918020,Criminal Justice Operations 2,09.0,Describe and demonstrate the fundamentals of patrol.,09.03,Describe defensive driving techniques.,,2,Understand,knowledge,false,false,,,,,,,1.1,1.5
8918020,Criminal Justice Operations 2,09.0,Describe and demonstrate the fundamentals of patrol.,09.04,Read and interpret electronic and paper maps.,,2,Understand,knowledge,false,false,technology,,,,,,1.1,1.5
8918020,Criminal Justice Operations 2,09.0,Describe and demonstrate the fundamentals of patrol.,09.05,Analyze current trends in community-oriented policing.,,4,Analyze,knowledge,false,false,,,,,,,1.1,1.5
8918020,Criminal Justice Operations 2,09.0,Describe and demonstrate the fundamentals of patrol.,09.06,Define the latest trends in Community Policing and how technology assists law enforcement.,,1,Remember,knowledge,false,false,technology,,,,,,1.2,1.75
8918020,Criminal Justice Operations 2,09.0,Describe and demonstrate the fundamentals of patrol.,09.07,Describe and demonstrate the S.A.R.A. model.,,3,Apply,performance,false,false,,,,,S.A.R.A. model,,2.1,3
8918020,Criminal Justice Operations 2,09.0,Describe and demonstrate the fundamentals of patrol.,09.08,"Describe procedures for identifying, handling, and referring people who exhibit signs of mental illness.",,2,Understand,knowledge,false,false,emergency-response,,,,,,1.3,1.75
8918020,Criminal Justice Operations 2,09.0,Describe and demonstrate the fundamentals of patrol.,09.09,Identify different patrol techniques.,,1,Remember,knowledge,false,false,patrol,,,,,,1.1,1.5
8918020,Criminal Justice Operations 2,09.0,Describe and demonstrate the fundamentals of patrol.,09.10,"Describe and demonstrate a traffic stop, including DUI traffic stop, unknown and high risk traffic stop.",,3,Apply,performance,false,false,,,,,,,2.3,3.25
8918020,Criminal Justice Operations 2,09.0,Describe and demonstrate the fundamentals of patrol.,09.11,Describe and demonstrate completing a Uniform Traffic Citation (UTC).,,3,Apply,performance,false,false,crash-investigation,,,,Uniform Traffic Citation,,2.2,3
8918020,Criminal Justice Operations 2,09.0,Describe and demonstrate the fundamentals of patrol.,09.12,Describe and demonstrate the inspection of a vehicle and equipment.,,3,Apply,performance,false,false,,,,,,,2.2,3
8918020,Criminal Justice Operations 2,09.0,Describe and demonstrate the fundamentals of patrol.,09.13,Describe interview tactics with cooperative and uncooperative witnesses,,2,Understand,knowledge,false,false,communication,,,,,,1.2,1.75
8918020,Criminal Justice Operations 2,09.0,Describe and demonstrate the fundamentals of patrol.,09.14,Describe patrol basics.,,2,Understand,knowledge,false,false,patrol,,,,,,1.1,1.5
8918020,Criminal Justice Operations 2,09.0,Describe and demonstrate the fundamentals of patrol.,09.15,Describe and demonstrate how to prepare for patrol.,,3,Apply,performance,false,false,patrol,,,,,,2.1,3
8918020,Criminal Justice Operations 2,09.0,Describe and demonstrate the fundamentals of patrol.,09.16,Describe and demonstrate the initial response to a call.,,3,Apply,performance,false,false,,,,,,,2.1,3
8918020,Criminal Justice Operations 2,09.0,Describe and demonstrate the fundamentals of patrol.,09.17,Describe and demonstrate officer safety when approaching the scene.,,3,Apply,performance,false,false,safety-wellness,,,,,,2.2,3
8918020,Criminal Justice Operations 2,09.0,Describe and demonstrate the fundamentals of patrol.,09.18,"Describe and demonstrate gathering information from complainants, witnesses, victims, and suspects.",,3,Apply,performance,false,false,investigations,,,,,,2.2,3
8918020,Criminal Justice Operations 2,09.0,Describe and demonstrate the fundamentals of patrol.,09.19,Describe and demonstrate ground and building searches.,,3,Apply,performance,false,false,,,,,,,2.1,3
8918020,Criminal Justice Operations 2,10.0,Demonstrate an understanding of radio procedures.,10.01,Describe and demonstrate the types of mobile electronic devices.,,3,Apply,performance,false,false,technology,,,,,,2.2,3
8918020,Criminal Justice Operations 2,10.0,Demonstrate an understanding of radio procedures.,10.02,Describe and demonstrate the use of the radio.,,3,Apply,performance,false,false,communication,,,,,,2.1,3
8918020,Criminal Justice Operations 2,10.0,Demonstrate an understanding of radio procedures.,10.03,Describe communication personnel.,,2,Understand,knowledge,false,false,communication,,,,,,1.1,1.5
8918020,Criminal Justice Operations 2,10.0,Demonstrate an understanding of radio procedures.,10.04,Describe and demonstrate radio conduct and procedures.,,3,Apply,performance,false,false,communication,,,,,,2.1,3
8918020,Criminal Justice Operations 2,10.0,Demonstrate an understanding of radio procedures.,10.05,Describe and demonstrate radio protocol.,,3,Apply,performance,false,false,communication,,,,,,2.1,3
8918020,Criminal Justice Operations 2,10.0,Demonstrate an understanding of radio procedures.,10.06,Describe electronic sources of information for the patrol officer including FCIC and NCIC.,,2,Understand,knowledge,false,false,patrol; technology,,,,FCIC/NCIC,,1.2,1.75
8918020,Criminal Justice Operations 2,11.0,Understand how to respond to various calls for services and critical incidents.,11.01,Describe Active Shooter response.,,2,Understand,knowledge,false,false,emergency-response,,,,,,1.1,1.5
8918020,Criminal Justice Operations 2,11.0,Understand how to respond to various calls for services and critical incidents.,11.02,Describe Natural Disaster response.,,2,Understand,knowledge,false,false,emergency-response,,,,,,1.1,1.5
8918020,Criminal Justice Operations 2,11.0,Understand how to respond to various calls for services and critical incidents.,11.03,Describe response to Weapons of Mass Destruction.,,2,Understand,knowledge,false,false,use-of-force; emergency-response,,,,,,1.1,1.5
8918020,Criminal Justice Operations 2,11.0,Understand how to respond to various calls for services and critical incidents.,11.04,"Describe calls for service, to include:",  - Community service |     - Assisting the public |     - Well-being checks |     - Responding to alarms |     - Animal complaints |     - Noncustodial transports |   - Responding to Disturbances |     - Crowd control |     - Civil disturbances |   - Responding to a person in crisis |     - Crisis situations |     - Intervention and referral |     - Transportation and documentation,2,Understand,knowledge,false,false,emergency-response; crowd-control,,,,,,3.8,5.25
8918020,Criminal Justice Operations 2,12.0,Describe crime prevention programs and demonstrate their development and implementation.,12.01,Identify community and school crime prevention programs.,,1,Remember,knowledge,false,false,crime-prevention,,,,,,1.1,1.5
8918020,Criminal Justice Operations 2,12.0,Describe crime prevention programs and demonstrate their development and implementation.,12.02,Describe how to develop and implement school and community crime prevention programs.,,6,Create,performance,false,false,crime-prevention,,,,,,2.2,3
8918020,Criminal Justice Operations 2,12.0,Describe crime prevention programs and demonstrate their development and implementation.,12.03,Identify the concepts involved with crime prevention through environmental design (CPTED).,,1,Remember,knowledge,false,false,crime-prevention,,,,CPTED,,1.2,1.75
8918020,Criminal Justice Operations 2,12.0,Describe crime prevention programs and demonstrate their development and implementation.,12.04,Identify and discuss local crime prevention programs and opportunities for participation.,,2,Understand,knowledge,false,false,crime-prevention,,,,,,1.2,1.75
8918020,Criminal Justice Operations 2,12.0,Describe crime prevention programs and demonstrate their development and implementation.,12.05,Describe the importance and possible uses of crime analysis information.,,2,Understand,knowledge,false,false,crime-prevention,,,,,,1.2,1.75
8918020,Criminal Justice Operations 2,12.0,Describe crime prevention programs and demonstrate their development and implementation.,12.06,Conduct a security survey.,,3,Apply,performance,false,false,crime-prevention,,,,,,2.6,3.5
8918020,Criminal Justice Operations 2,13.0,Prepare written reports.,13.01,"Identify the ""who-what-when-where-why-how"" elements of a report.",,1,Remember,knowledge,false,false,report-writing,,,,,,1.2,1.75
8918020,Criminal Justice Operations 2,13.0,Prepare written reports.,13.02,Describe and demonstrate interviewing a person.,,3,Apply,performance,false,false,communication,,,,,,2.1,3
8918020,Criminal Justice Operations 2,13.0,Prepare written reports.,13.03,Describe and demonstrate accurate note taking.,,3,Apply,performance,false,false,report-writing,,,,,,2.1,3
8918020,Criminal Justice Operations 2,13.0,Prepare written reports.,13.04,Describe the purpose of different types of reports.,,2,Understand,knowledge,false,false,report-writing,,,,,8918030:18.01,1.1,1.5
8918020,Criminal Justice Operations 2,13.0,Prepare written reports.,13.05,"Create a factual report with accuracy, completeness, conciseness, objectivity, and clarity and use proper grammar, spelling, punctuation, and legibility.",,6,Create,performance,false,false,report-writing,,,,,8918030:18.02,2.4,3.25
8918020,Criminal Justice Operations 2,13.0,Prepare written reports.,13.06,Describe and demonstrate organizing information for a report.,,3,Apply,performance,false,false,report-writing,,,,,,2.2,3
8918020,Criminal Justice Operations 2,13.0,Prepare written reports.,13.07,Describe and demonstrate mechanics of a report.,,3,Apply,performance,false,false,report-writing,,,,,,2.1,3
8918020,Criminal Justice Operations 2,13.0,Prepare written reports.,13.08,Describe and demonstrate the elements and principles of effective report writing.,,3,Apply,performance,false,false,report-writing,,,,,,2.2,3
8918020,Criminal Justice Operations 2,13.0,Prepare written reports.,13.09,Describe and demonstrate evaluating a report prior to submission.,,3,Apply,performance,false,false,report-writing,,,,,,2.2,3
8918020,Criminal Justice Operations 2,13.0,Prepare written reports.,13.10,Identify and locate state statutes as they pertain to situations being reported.,,1,Remember,knowledge,false,false,report-writing; law-legal,,,,,,1.2,1.75
8918020,Criminal Justice Operations 2,13.0,Prepare written reports.,13.11,Define and write a probable-cause affidavit.,,3,Apply,performance,false,false,investigations; report-writing,,,,,,2.1,3
8918020,Criminal Justice Operations 2,14.0,Explain importance of interactions in a diverse community.,14.01,Describe and demonstrate effective communications.,,3,Apply,performance,false,false,communication,,,,,,2.1,3
8918020,Criminal Justice Operations 2,14.0,Explain importance of interactions in a diverse community.,14.02,Describe and demonstrate professional communications.,,3,Apply,performance,false,false,communication,,,,,,2.1,3
8918020,Criminal Justice Operations 2,14.0,Explain importance of interactions in a diverse community.,14.03,"Describe and demonstrate communicating with persons with physical, psychological, developmental disabilities.",,3,Apply,performance,false,false,communication; diversity,,,,,,2.3,3.25
8918020,Criminal Justice Operations 2,14.0,Explain importance of interactions in a diverse community.,14.04,Describe and demonstrate communicating with veterans.,,3,Apply,performance,false,false,communication; diversity,,,,,,2.1,3
8918020,Criminal Justice Operations 2,14.0,Explain importance of interactions in a diverse community.,14.05,"Describe and demonstrate communicating with juveniles, elderly, and the homeless.",,3,Apply,performance,false,false,juvenile; communication; diversity,,,,,,2.2,3
8918020,Criminal Justice Operations 2,14.0,Explain importance of interactions in a diverse community.,14.06,"Describe and demonstrate how to communicate with people in a crisis state, including, suicide, Baker Act, and the Marchman Act.",,3,Apply,performance,false,false,communication; emergency-response,,,,Baker Act; Marchman Act,,2.3,3.25
8918020,Criminal Justice Operations 2,14.0,Explain importance of interactions in a diverse community.,14.07,Describe the causes and effects of bias-based policing.,,2,Understand,knowledge,false,false,diversity,,,,,,1.1,1.5
8918020,Criminal Justice Operations 2,14.0,Explain importance of interactions in a diverse community.,14.08,Describe and demonstrate communicating with minority communities.,,3,Apply,performance,false,false,communication; diversity,,,,,,2.2,3
8918020,Criminal Justice Operations 2,15.0,"Describe the use-of-force guidelines as it applies to Federal, State, and local laws and physical proficiency skills.",15.01,Describe the totality of circumstances as it relates to:,  - Subject resistance |   - Situational Factors |   - Justification |   - Officer Response,2,Understand,knowledge,false,false,use-of-force,,,,,,2.3,3.25
8918020,Criminal Justice Operations 2,15.0,"Describe the use-of-force guidelines as it applies to Federal, State, and local laws and physical proficiency skills.",15.02,Describe legal issues pertaining to objective reasonableness as it pertains to the use of force that include Tennessee v. Garner and Graham v. Conner cases.,,2,Understand,knowledge,false,false,use-of-force; law-legal,,,Graham v. Conner; Tennessee v. Garner,,,1.4,2
8918020,Criminal Justice Operations 2,15.0,"Describe the use-of-force guidelines as it applies to Federal, State, and local laws and physical proficiency skills.",15.03,Identify potential weapons.,,1,Remember,knowledge,false,false,use-of-force,,,,,,1.1,1.5
8918020,Criminal Justice Operations 2,15.0,"Describe the use-of-force guidelines as it applies to Federal, State, and local laws and physical proficiency skills.",15.04,Describe and demonstrate stop and frisk as it relates to Terry v. Ohio.,,3,Apply,performance,false,false,use-of-force,,,Terry v. Ohio,,,2.2,3
8918020,Criminal Justice Operations 2,15.0,"Describe the use-of-force guidelines as it applies to Federal, State, and local laws and physical proficiency skills.",15.05,Demonstrate defensive tactics as described in the Criminal Justice Standards and Training Commission's (CJSTC's) Defensive Tactics Basic Recruit Performance Evaluation. (optional),,3,Apply,performance,true,false,use-of-force; employability,,,,CJSTC,,1.9,2.5
8918020,Criminal Justice Operations 2,15.0,"Describe the use-of-force guidelines as it applies to Federal, State, and local laws and physical proficiency skills.",15.06,Describe and demonstrate de-escalation techniques.,,3,Apply,performance,false,false,use-of-force,,,,,,2.1,3
8918020,Criminal Justice Operations 2,15.0,"Describe the use-of-force guidelines as it applies to Federal, State, and local laws and physical proficiency skills.",15.07,Describe and demonstrate making a physical custody arrest.,,3,Apply,performance,false,false,use-of-force,,,,,,2.1,3
8918020,Criminal Justice Operations 2,15.0,"Describe the use-of-force guidelines as it applies to Federal, State, and local laws and physical proficiency skills.",15.08,Describe and demonstrate escorting the prisoner to the patrol vehicle.,,3,Apply,performance,false,false,patrol; use-of-force; corrections,,,,,,2.2,3
8918020,Criminal Justice Operations 2,15.0,"Describe the use-of-force guidelines as it applies to Federal, State, and local laws and physical proficiency skills.",15.09,Describe and demonstrate securing and transporting the prisoner.,,3,Apply,performance,false,false,use-of-force; corrections,,,,,,2.2,3
8918020,Criminal Justice Operations 2,15.0,"Describe the use-of-force guidelines as it applies to Federal, State, and local laws and physical proficiency skills.",15.10,Describe and demonstrate securing the prisoner in a vehicle.,,3,Apply,performance,false,false,use-of-force; corrections,,,,,,2.2,3
8918020,Criminal Justice Operations 2,15.0,"Describe the use-of-force guidelines as it applies to Federal, State, and local laws and physical proficiency skills.",15.11,Describe and demonstrate booking a prisoner.,,3,Apply,performance,false,false,use-of-force; corrections,,,,,,2.1,3
8918020,Criminal Justice Operations 2,15.0,"Describe the use-of-force guidelines as it applies to Federal, State, and local laws and physical proficiency skills.",15.12,"Describe and demonstrate weapon safety, familiarization, and CJSTC basic firearms course (optional).",,3,Apply,performance,true,false,use-of-force,,,,CJSTC,,1.8,2.5
8918020,Criminal Justice Operations 2,15.0,"Describe the use-of-force guidelines as it applies to Federal, State, and local laws and physical proficiency skills.",15.13,Describe the four elements of arrest.,,2,Understand,knowledge,false,false,use-of-force,,,,,,1.1,1.5
8918020,Criminal Justice Operations 2,15.0,"Describe the use-of-force guidelines as it applies to Federal, State, and local laws and physical proficiency skills.",15.14,"Describe and understand a person's constitutional rights as it refers to arrest/detainment, including Miranda Rights.",,2,Understand,knowledge,false,false,use-of-force; law-legal,,,,Miranda,,1.3,1.75
8918020,Criminal Justice Operations 2,15.0,"Describe the use-of-force guidelines as it applies to Federal, State, and local laws and physical proficiency skills.",15.15,Describe and demonstrate behaviors of physical wellness according to an individual's abilities.,,3,Apply,performance,false,false,safety-wellness,,,,,,2.2,3
8918030,Criminal Justice Operations 3,16.0,Identify the goals of a criminal investigation.,16.01,Define criminal investigation.,,1,Remember,knowledge,false,false,investigations,,,,,,1.1,1.5
8918030,Criminal Justice Operations 3,16.0,Identify the goals of a criminal investigation.,16.02,Define the primary goals of the criminal investigation.,,1,Remember,knowledge,false,false,investigations,,,,,,1.1,1.5
8918030,Criminal Justice Operations 3,16.0,Identify the goals of a criminal investigation.,16.03,Describe the basic functions performed by investigators.,,2,Understand,knowledge,false,false,investigations,,,,,,1.1,1.5
8918030,Criminal Justice Operations 3,16.0,Identify the goals of a criminal investigation.,16.04,Describe the characteristics of an investigator.,,2,Understand,knowledge,false,false,investigations,,,,,,1.1,1.5
8918030,Criminal Justice Operations 3,16.0,Identify the goals of a criminal investigation.,16.05,Describe the initial investigation.,,2,Understand,knowledge,false,false,investigations,,,,,,1.1,1.5
8918030,Criminal Justice Operations 3,16.0,Identify the goals of a criminal investigation.,16.06,Describe how to protect against civil lawsuits.,,2,Understand,knowledge,false,false,,,,,,,1.1,1.5
8918030,Criminal Justice Operations 3,17.0,Discuss investigative searches and seizure and the Constitution.,17.01,Describe the levels of proof in investigations.,,2,Understand,knowledge,false,false,investigations,,,,,,1.1,1.5
8918030,Criminal Justice Operations 3,17.0,Discuss investigative searches and seizure and the Constitution.,17.02,Describe legal searches and seizures.,,2,Understand,knowledge,false,false,investigations; law-legal,,,,,,1.1,1.5
8918030,Criminal Justice Operations 3,17.0,Discuss investigative searches and seizure and the Constitution.,17.03,Describe warrantless searches.,,2,Understand,knowledge,false,false,,,,,,,1.1,1.5
8918030,Criminal Justice Operations 3,17.0,Discuss investigative searches and seizure and the Constitution.,17.04,Describe the exclusionary rule.,,2,Understand,knowledge,false,false,investigations,,,,,,1.1,1.5
8918030,Criminal Justice Operations 3,17.0,Discuss investigative searches and seizure and the Constitution.,17.05,Describe and prepare a Search Warrant.,,3,Apply,performance,false,false,investigations,,,,,,2.1,3
8918030,Criminal Justice Operations 3,17.0,Discuss investigative searches and seizure and the Constitution.,17.06,Identify the exceptions to search warrant requirements.,,1,Remember,knowledge,false,false,investigations,,,,,,1.1,1.5
8918030,Criminal Justice Operations 3,18.0,Demonstrate investigative report writing.,18.01,Describe the purpose of different types of reports in investigations,,2,Understand,knowledge,false,false,investigations; report-writing,,,,,8918020:13.04,1.2,1.75
8918030,Criminal Justice Operations 3,18.0,Demonstrate investigative report writing.,18.02,"Create a factual report with accuracy, completeness, conciseness, objectivity, and clarity and use proper grammar, spelling, punctuation, and legibility.",,6,Create,performance,false,false,report-writing,,,,,8918020:13.05,2.4,3.5
8918030,Criminal Justice Operations 3,19.0,Demonstrate how to obtain Information for a criminal investigation.,19.01,Describe and demonstrate Interview skills.,,3,Apply,performance,false,false,communication,,,,,,2.1,3
8918030,Criminal Justice Operations 3,19.0,Demonstrate how to obtain Information for a criminal investigation.,19.02,Describe and demonstrate the various interrogation skills.,,3,Apply,performance,false,false,investigations,,,,,,2.1,3
8918030,Criminal Justice Operations 3,19.0,Demonstrate how to obtain Information for a criminal investigation.,19.03,Describe how to obtain a legal confession.,,3,Apply,performance,false,false,investigations; law-legal,,,,,,2.1,3
8918030,Criminal Justice Operations 3,19.0,Demonstrate how to obtain Information for a criminal investigation.,19.04,Describe polygraphs and the legal implications.,,2,Understand,knowledge,false,false,investigations; law-legal,,,,,,1.1,1.5
8918030,Criminal Justice Operations 3,19.0,Demonstrate how to obtain Information for a criminal investigation.,19.05,Describe when subpoenas should and should not be used for witnesses.,,2,Understand,knowledge,false,false,courts-testimony,,,,,,1.2,1.75
8918030,Criminal Justice Operations 3,19.0,Demonstrate how to obtain Information for a criminal investigation.,19.06,Describe Miranda warning requirements in suspect interviews.,,2,Understand,knowledge,false,false,investigations; law-legal; communication,,,,Miranda,,1.2,1.75
8918030,Criminal Justice Operations 3,19.0,Demonstrate how to obtain Information for a criminal investigation.,19.07,Describe how to show witnesses photos of suspects for identification.,,2,Understand,knowledge,false,false,investigations,,,,,,1.2,1.75
8918030,Criminal Justice Operations 3,20.0,Examine various types of criminal investigations.,20.01,Describe the different types of investigations including;,  - Death investigations |   - Assault and battery |   - Domestic violence |   - Sexual offenses |   - Crimes against children |   - Crimes against elderly |   - Robbery and theft |   - Burglary |   - Arson |   - White collar crime |   - Computer crimes,2,Understand,knowledge,false,false,investigations; diversity; technology,,,,,,3.6,5.25
8918030,Criminal Justice Operations 3,21.0,Evaluate crime scene safety protocol.,21.01,"Describe ""Right-to-Know"" Law as recorded in (29CFR-1910.1200).",,2,Understand,knowledge,false,false,law-legal; safety-wellness,,,,Right-to-Know Law,,1.2,1.75
8918030,Criminal Justice Operations 3,21.0,Evaluate crime scene safety protocol.,21.02,Discuss the potential health and safety hazards one could encounter at a crime scene.,,2,Understand,knowledge,false,false,crime-scene; safety-wellness,,,,,,1.2,1.75
8918030,Criminal Justice Operations 3,21.0,Evaluate crime scene safety protocol.,21.03,Demonstrate skills and techniques to minimize risk to self and others at the crime scene.,,3,Apply,performance,false,false,crime-scene,,,,,,2.2,3.25
8918030,Criminal Justice Operations 3,21.0,Evaluate crime scene safety protocol.,21.04,Discuss state and federal regulations regarding hazardous materials as related to crime scenes.,,2,Understand,knowledge,false,false,crime-scene; safety-wellness,,,,,,1.2,1.75
8918030,Criminal Justice Operations 3,21.0,Evaluate crime scene safety protocol.,21.05,Discuss emergency procedures involving personal risk in a crime scene situation.,,2,Understand,knowledge,false,false,crime-scene; emergency-response,,,,,,1.2,1.75
8918030,Criminal Justice Operations 3,21.0,Evaluate crime scene safety protocol.,21.06,Identify and explain the use of protective equipment for crime scene processing,,3,Apply,performance,false,false,crime-scene; safety-wellness,,,,,,2.2,3.25
8918030,Criminal Justice Operations 3,22.0,Describe and demonstrate criminal investigation procedures.,22.01,State the purpose and types of investigations.,,1,Remember,knowledge,false,false,investigations,,,,,,1.1,1.5
8918030,Criminal Justice Operations 3,22.0,Describe and demonstrate criminal investigation procedures.,22.02,Describe the responsibilities of law enforcement officers at the crime scene.,,2,Understand,knowledge,false,false,crime-scene,,,,,,1.2,1.75
8918030,Criminal Justice Operations 3,22.0,Describe and demonstrate criminal investigation procedures.,22.03,Describe the role of evidence in investigations.,,2,Understand,knowledge,false,false,investigations; crime-scene,,,,,,1.1,1.5
8918030,Criminal Justice Operations 3,22.0,Describe and demonstrate criminal investigation procedures.,22.04,Describe crime scene investigation procedures.,,2,Understand,knowledge,false,false,investigations; crime-scene,,,,,,1.1,1.5
8918030,Criminal Justice Operations 3,22.0,Describe and demonstrate criminal investigation procedures.,22.05,Secure and preserve a mock crime scene.,,3,Apply,performance,false,true,crime-scene,,,,,,2.6,3.75
8918030,Criminal Justice Operations 3,22.0,Describe and demonstrate criminal investigation procedures.,22.06,Describe and demonstrate taking field notes and their characteristics.,,3,Apply,performance,false,false,report-writing,,,,,,2.2,3.25
8918030,Criminal Justice Operations 3,22.0,Describe and demonstrate criminal investigation procedures.,22.07,Photograph a mock crime scene and the evidence.,,3,Apply,performance,false,true,crime-scene,,,,,,2.6,3.75
8918030,Criminal Justice Operations 3,22.0,Describe and demonstrate criminal investigation procedures.,22.08,Take measurements at a mock crime scene.,,3,Apply,performance,false,true,crime-scene; math,,,,,,2.6,3.75
8918030,Criminal Justice Operations 3,22.0,Describe and demonstrate criminal investigation procedures.,22.09,Record facts about crime using recording equipment and note taking.,,3,Apply,performance,false,false,report-writing,,,,,,2.2,3.25
8918030,Criminal Justice Operations 3,22.0,Describe and demonstrate criminal investigation procedures.,22.10,Sketch a mock crime scene.,,3,Apply,performance,false,true,crime-scene,,,,,,2.6,3.75
8918030,Criminal Justice Operations 3,22.0,Describe and demonstrate criminal investigation procedures.,22.11,"Assist in identifying, handling, preserving, collecting, recording, and storing mock evidence.",,3,Apply,performance,false,true,crime-scene,,,,,,2.7,3.75
8918030,Criminal Justice Operations 3,22.0,Describe and demonstrate criminal investigation procedures.,22.12,Describe computer aided drawing programs for crime scene documentation.,,2,Understand,knowledge,false,false,crime-scene; technology,,,,,,1.2,1.75
8918030,Criminal Justice Operations 3,22.0,Describe and demonstrate criminal investigation procedures.,22.13,Create a 3D model of a mock crime scene (circle back with Practical Arts requirements),,6,Create,performance,false,true,crime-scene; technology,,,,,,2.7,3.75
8918030,Criminal Justice Operations 3,22.0,Describe and demonstrate criminal investigation procedures.,22.14,Create a cast of an impression using Plaster of Paris or other material to create a 3-D impression. (optional),,6,Create,performance,true,false,forensics,,,,,,1.8,2.5
8918030,Criminal Justice Operations 3,22.0,Describe and demonstrate criminal investigation procedures.,22.15,Process a mock crime scene for fingerprints.,,3,Apply,performance,false,true,forensics; crime-scene,,,,,,2.6,3.75
8918030,Criminal Justice Operations 3,22.0,Describe and demonstrate criminal investigation procedures.,22.16,Describe the chain of custody of evidence.,,2,Understand,knowledge,false,false,use-of-force; crime-scene,,,,,,1.1,1.5
8918030,Criminal Justice Operations 3,22.0,Describe and demonstrate criminal investigation procedures.,22.17,Describe how to prepare for court testimony.,,3,Apply,performance,false,false,courts-testimony,,,,,,2.1,3
8918030,Criminal Justice Operations 3,22.0,Describe and demonstrate criminal investigation procedures.,22.18,Prepare a criminal case for trial.,,3,Apply,performance,false,false,courts-testimony,,,,,,2.1,3
8918030,Criminal Justice Operations 3,22.0,Describe and demonstrate criminal investigation procedures.,22.19,Participate in a mock trial.,,3,Apply,performance,false,true,courts-testimony,,,,,,2.6,3.75
8918030,Criminal Justice Operations 3,23.0,"Describe and/or demonstrate forensic science tasks, such as fingerprinting, crime laboratory examination, and forensic photography.",23.01,Roll fingerprints.,,3,Apply,performance,false,false,forensics,,,,,,2,2.75
8918030,Criminal Justice Operations 3,23.0,"Describe and/or demonstrate forensic science tasks, such as fingerprinting, crime laboratory examination, and forensic photography.",23.02,Identify focal points.,,1,Remember,knowledge,false,false,,,,,,,1.1,1.5
8918030,Criminal Justice Operations 3,23.0,"Describe and/or demonstrate forensic science tasks, such as fingerprinting, crime laboratory examination, and forensic photography.",23.03,Identify fingerprint patterns and discuss the importance of the Automated Fingerprint Identification System (AFIS).,,2,Understand,knowledge,false,false,forensics,,,,AFIS,,1.3,1.75
8918030,Criminal Justice Operations 3,23.0,"Describe and/or demonstrate forensic science tasks, such as fingerprinting, crime laboratory examination, and forensic photography.",23.04,Lift and record latent prints.,,3,Apply,performance,false,false,forensics,,,,,,2.1,3
8918030,Criminal Justice Operations 3,23.0,"Describe and/or demonstrate forensic science tasks, such as fingerprinting, crime laboratory examination, and forensic photography.",23.05,Describe blood type identification procedures and DNA profiling.,,2,Understand,knowledge,false,false,forensics; legal-office,,,,,,1.2,1.75
8918030,Criminal Justice Operations 3,23.0,"Describe and/or demonstrate forensic science tasks, such as fingerprinting, crime laboratory examination, and forensic photography.",23.06,Describe hair and fiber examination procedures.,,2,Understand,knowledge,false,false,forensics,,,,,,1.1,1.5
8918030,Criminal Justice Operations 3,23.0,"Describe and/or demonstrate forensic science tasks, such as fingerprinting, crime laboratory examination, and forensic photography.",23.07,Describe broken glass examination procedures.,,2,Understand,knowledge,false,false,forensics,,,,,,1.1,1.5
8918030,Criminal Justice Operations 3,23.0,"Describe and/or demonstrate forensic science tasks, such as fingerprinting, crime laboratory examination, and forensic photography.",23.08,Identify basic photo laboratory procedures and take photographs.,,3,Apply,performance,false,false,forensics,,,,,,2.2,3.25
8918030,Criminal Justice Operations 3,23.0,"Describe and/or demonstrate forensic science tasks, such as fingerprinting, crime laboratory examination, and forensic photography.",23.09,Describe the capabilities of a full-service crime lab.,,2,Understand,knowledge,false,false,forensics,,,,,,1.1,1.5
8918030,Criminal Justice Operations 3,23.0,"Describe and/or demonstrate forensic science tasks, such as fingerprinting, crime laboratory examination, and forensic photography.",23.10,Describe the Henry Modified system of fingerprint classification.,,2,Understand,knowledge,false,false,forensics,,,,,,1.2,1.75
8918030,Criminal Justice Operations 3,24.0,Explain and demonstrate property control procedures.,24.01,"Classify, identify, and mark property.",,2,Understand,knowledge,false,false,,,,,,,1.1,1.5
8918030,Criminal Justice Operations 3,24.0,Explain and demonstrate property control procedures.,24.02,Match properties with reports.,,1,Remember,knowledge,false,false,report-writing,,,,,,1.1,1.5
8918030,Criminal Justice Operations 3,24.0,Explain and demonstrate property control procedures.,24.03,"Describe storage and control of evidence, property, and supplies.",,2,Understand,knowledge,false,false,crime-scene,,,,,,1.2,1.75
8918030,Criminal Justice Operations 3,24.0,Explain and demonstrate property control procedures.,24.04,"Describe issuance, maintenance, and inventory of department equipment and supplies, and corresponding computer applications for property control.",,2,Understand,knowledge,false,false,crime-scene; technology,,,,,,1.4,2
8918030,Criminal Justice Operations 3,25.0,Demonstrate computer literacy.,25.01,Use the computer as a tool for the special applications associated with the criminal justice system including but not limited to Crime Scene Sketch using CAD or other computer software program. (Optional),,3,Apply,performance,true,false,crime-scene; technology; system-overview,,,,,,2,2.75
8918030,Criminal Justice Operations 3,25.0,Demonstrate computer literacy.,25.02,Access databases for information.,,2,Understand,knowledge,false,false,technology,,,,,,1.1,1.5
8918030,Criminal Justice Operations 3,25.0,Demonstrate computer literacy.,25.03,Access a computer program for career selection and postsecondary education opportunities.,,2,Understand,knowledge,false,false,employability; technology,,,,,,1.2,1.75
8918030,Criminal Justice Operations 3,25.0,Demonstrate computer literacy.,25.04,Use electronic spreadsheets for keeping track of data as applicable to the criminal justice system.,,3,Apply,performance,false,false,technology; system-overview,,,,,,2.2,3.25
8918030,Criminal Justice Operations 3,25.0,Demonstrate computer literacy.,25.05,Use a word processor as applicable in specific criminal justice occupations.,,3,Apply,performance,false,false,technology,,,,,,2.2,3.25
8918030,Criminal Justice Operations 3,26.0,Apply job related math skills.,26.01,"Produce a graph, chart, or table associated with the Criminal Justice System.",,3,Apply,performance,false,false,math; system-overview,,,,,,2.2,3.25
8918030,Criminal Justice Operations 3,26.0,Apply job related math skills.,26.02,"Perform arithmetic operations for whole numbers, fractions, and decimals including counting, adding, subtracting, multiplying, and dividing.",,3,Apply,performance,false,false,math,,,,,,2.4,3.5
8918030,Criminal Justice Operations 3,26.0,Apply job related math skills.,26.03,"Measure time, temperature, distance, capacity, and mass/weight.",,3,Apply,performance,false,false,,,,,,,2.2,3.25
8918030,Criminal Justice Operations 3,26.0,Apply job related math skills.,26.04,Make estimations and approximations and judge the reasonableness of the result.,,5,Evaluate,performance,false,false,courts-testimony; math,,,,,,2.2,3.25
8918030,Criminal Justice Operations 3,27.0,Demonstrate an awareness of cultural diversity.,27.01,Identify factors that may affect human relations in criminal justice operations with culturally diverse communities.,,1,Remember,knowledge,false,false,diversity,,,,,,1.3,1.75
8918030,Criminal Justice Operations 3,27.0,Demonstrate an awareness of cultural diversity.,27.02,Identify methods of communication that may enhance human relations with culturally diverse communities.,,1,Remember,knowledge,false,false,communication; diversity,,,,,,1.3,1.75
8918050,Police Service Officer,28.0,Describe and demonstrate traffic control procedures.,28.01,"Define a Traffic Control Officer as stated in s. 316.640(4)(a), Florida Statute (F.S.).",,1,Remember,knowledge,false,false,traffic-control; law-legal,"316.640, F.S.",,,,,1.2,0.5
8918050,Police Service Officer,28.0,Describe and demonstrate traffic control procedures.,28.02,List the qualifications of a traffic control officer (TCO).,,1,Remember,knowledge,false,false,traffic-control,,,,,,1.1,0.5
8918050,Police Service Officer,28.0,Describe and demonstrate traffic control procedures.,28.03,Explain the responsibilities of a traffic control officer.,,2,Understand,knowledge,false,false,traffic-control,,,,,,1.1,0.5
8918050,Police Service Officer,28.0,Describe and demonstrate traffic control procedures.,28.04,List the limitations of a traffic control officer are not authorized to include:,  - carry a firearm or any other weapon |   - write any citations |   - make any arrests |   - conduct any investigations,1,Remember,knowledge,false,false,traffic-control; use-of-force; investigations,,,,,,2.5,1
8918050,Police Service Officer,28.0,Describe and demonstrate traffic control procedures.,28.05,"Define ""traffic control devices"" according to s. 316.003 (23), F.S.",,1,Remember,knowledge,false,false,traffic-control; law-legal,"316.003, F.S.",,,,,1.2,0.5
8918050,Police Service Officer,28.0,Describe and demonstrate traffic control procedures.,28.06,"Define ""traffic signals"" according to s. 316.003(24), F.S.",,1,Remember,knowledge,false,false,traffic-control; law-legal,"316.003(24), F.S.",,,,,1.1,0.5
8918050,Police Service Officer,28.0,Describe and demonstrate traffic control procedures.,28.07,Describe the main objectives of traffic direction and control to include:,  - increase safety |   - increase traffic flow |   - divert traffic flow,2,Understand,knowledge,false,false,traffic-control,,,,,,2.1,0.75
8918050,Police Service Officer,28.0,Describe and demonstrate traffic control procedures.,28.08,List methods for controlling traffic to include:,  - Deployment of traffic control devices |   - Direction by an officer |   - Manual control of traffic signals following agency policies and procedures.,1,Remember,knowledge,false,false,traffic-control,,,,,,2.2,1
8918050,Police Service Officer,28.0,Describe and demonstrate traffic control procedures.,28.09,Identify when traffic direction and control are applicable pursuant to agency protocol to include:,  - rush hours |   - traffic light failures |   - vehicle crashes |   - special events |   - major disasters |   - missing or absent traffic control devices |   - funeral procession or dignitary motorcade |   - cooperation with other public service agency,1,Remember,knowledge,false,false,traffic-control; crash-investigation; emergency-response,,,,,,3.8,1.5
8918050,Police Service Officer,28.0,Describe and demonstrate traffic control procedures.,28.10,List equipment available to an officer for use in directing traffic:,"  - Whistle |   - high visibility glove |   - lighted baton |   - reflective slip-over vest |   - barricades or cones |   - flares, electronic markers, or chemical light sticks |   - variable message boards, including arrow boards",3,Apply,performance,false,false,traffic-control; communication; technology,,,,,,4.4,1.75
8918050,Police Service Officer,28.0,Describe and demonstrate traffic control procedures.,28.11,Evaluate a traffic situation before intervening to direct traffic to include:,  - Determine if intervention is necessary. |   - Consider the safety of the officer and the public. |   - Maintain traffic flow or divert traffic.,5,Evaluate,knowledge,false,false,traffic-control,,,,,,2.3,1
8918050,Police Service Officer,28.0,Describe and demonstrate traffic control procedures.,28.12,Identify factors that should be considered when planning to direct traffic to include:,  - Determine how to improve the traffic situation before entering the roadway. |   - Assess whether additional officers and/or resources are needed. |   - Decide where to stand in the roadway.,1,Remember,knowledge,false,false,traffic-control,,,,,,2.4,1
8918050,Police Service Officer,28.0,Describe and demonstrate traffic control procedures.,28.13,List the safety precautions that an officer should follow when directing traffic to include:,  - Always check safety measures; be alert and ready to move out of the way of a vehicle. |   - Never move without making sure it is safe. |   - Never permit vehicles or pedestrians to start from a stopped position until approaching traffic is stopped.,1,Remember,knowledge,false,false,traffic-control; safety-wellness,,,,,,2.6,1
8918050,Police Service Officer,28.0,Describe and demonstrate traffic control procedures.,28.14,Identify the correct place that an officer should stand while directing traffic.,,1,Remember,knowledge,false,false,traffic-control,,,,,,1.2,0.5
8918050,Police Service Officer,28.0,Describe and demonstrate traffic control procedures.,28.15,List basic conduct for officers directing traffic to include:,"  - Engage the attention of drivers at all times. |     - Make eye contact with a stopped or stopping motorist. |     - Use hand signals, such as pointing, to gain a motorist's attention. |   - Keep your hands free. |   - Do not engage in idle conversation. |   - Do not smoke. |   - Do not twirl a chain or other objects. |   - Do not use electronic devices such as cell phones.",3,Apply,performance,false,false,traffic-control; technology,,,,,,5,2
8918050,Police Service Officer,28.0,Describe and demonstrate traffic control procedures.,28.16,Describe appropriate procedures when an emergency vehicle is approaching an intersection where an officer is directing traffic to include:,  - Stop traffic in all directions. |   - Clear a path for the emergency vehicle if needed. |   - Wave the emergency vehicle through the intersection. |   - Communicate with a supervisor when circumstances are beyond the duties of a TCO.,2,Understand,knowledge,false,false,traffic-control; communication; emergency-response,,,,,,2.9,1.25
8918050,Police Service Officer,28.0,Describe and demonstrate traffic control procedures.,28.17,Explain why voice commands are seldom used in directing traffic to include:,  - Verbal directions are not easy for drivers to hear or understand. |   - Voice commands might be misinterpreted by motorist or pedestrian. |   - Words may antagonize motorist or pedestrian.,2,Understand,knowledge,false,false,traffic-control,,,,,,2.4,1
8918050,Police Service Officer,28.0,Describe and demonstrate traffic control procedures.,28.18,List procedures to follow if voice commands must be used to include:,"  - Move reasonably close to the pedestrian or driver. |   - Be polite and brief. |   - Address as miss, ma'am, or sir. |   - Do not lose your temper.",3,Apply,knowledge,false,false,traffic-control,,,,,,2.5,1
8918050,Police Service Officer,28.0,Describe and demonstrate traffic control procedures.,28.19,List procedures to follow when assisting pedestrians across the street including:,"  - Be firm but polite. |   - Verbally direct pedestrians. |   - Do not permit crossing until it is safe. |   - Take extra caution with children, the elderly, or persons with disabilities.",3,Apply,knowledge,false,false,traffic-control; diversity,,,,,,2.6,1
8918050,Police Service Officer,28.0,Describe and demonstrate traffic control procedures.,28.20,Describe the various whistle signals to get the attention of the driver or pedestrian including:,  - one long blast for the vehicle to stop. |   - two short blasts for the vehicle to go. |   - several short blasts to get the attention of a driver or pedestrian who does not respond to a hand signal.,2,Understand,knowledge,false,false,traffic-control,,,,,,2.5,1
8918050,Police Service Officer,28.0,Describe and demonstrate traffic control procedures.,28.21,List the various hand signals used in conjunction with the whistle signals to include:,  - Stop |   - turn right |   - turn left |   - start |   - keep moving |   - resume traffic signal control,1,Remember,knowledge,false,false,traffic-control; employability,,,,,,2.9,1.25
8918050,Police Service Officer,28.0,Describe and demonstrate traffic control procedures.,28.22,Demonstrate the various hand signals used in conjunction with the whistle signals.,,3,Apply,performance,false,false,traffic-control,,,,,,2.2,1
8918050,Police Service Officer,28.0,Describe and demonstrate traffic control procedures.,28.23,Demonstrate the proper use of an illuminated baton and a flashlight with traffic wand attached.,,3,Apply,performance,false,false,traffic-control,,,,,,2.2,1
8918050,Police Service Officer,28.0,Describe and demonstrate traffic control procedures.,28.24,"Describe how to use a flare safely, including lighting the flare, positioning it, and extinguishing it.",,3,Apply,performance,false,false,traffic-control; fire-life-safety,,,,,,2.3,1
8918050,Police Service Officer,28.0,Describe and demonstrate traffic control procedures.,28.25,"Demonstrate how to safely light a flare, position it, and extinguish it.",,3,Apply,performance,false,false,traffic-control; fire-life-safety,,,,,,2.2,1
8918050,Police Service Officer,28.0,Describe and demonstrate traffic control procedures.,28.26,Demonstrate how to activate a chemical light stick.,,3,Apply,performance,false,false,traffic-control,,,,,,2.1,0.75
8918050,Police Service Officer,29.0,"Identify the authority of the TCI as outlined in chapter 316.640, F.S.",29.01,Explain the TCI's role.,,2,Understand,knowledge,false,false,,,,,,,1.1,0.5
8918050,Police Service Officer,29.0,"Identify the authority of the TCI as outlined in chapter 316.640, F.S.",29.02,Explain ethics and professionalism.,,2,Understand,knowledge,false,false,ethics,,,,,,1.1,0.5
8918050,Police Service Officer,29.0,"Identify the authority of the TCI as outlined in chapter 316.640, F.S.",29.03,Comprehend the responsibilities of TCIs with regard to providing information and assistance to victims and witnesses of crimes.,,2,Understand,knowledge,false,false,,,,,,,1.3,0.5
8918050,Police Service Officer,30.0,Evaluate procedures of traffic crash scene management.,30.01,Plan a prompt arrival to a service call with accurate geographic or zone orientation.,,3,Apply,performance,false,false,patrol,,,,,,2.2,1
8918050,Police Service Officer,30.0,Evaluate procedures of traffic crash scene management.,30.02,Describe the best location to park a patrol car to aid in protecting the integrity of the crash scene.,,2,Understand,knowledge,false,false,patrol; crash-investigation; ethics,,,,,,1.3,0.5
8918050,Police Service Officer,30.0,Evaluate procedures of traffic crash scene management.,30.03,"Evaluate the road, other vehicles, and environmental conditions for ongoing assessment.",,5,Evaluate,knowledge,false,false,,,,,,,1.2,0.5
8918050,Police Service Officer,30.0,Evaluate procedures of traffic crash scene management.,30.04,Recognize elements to physically manage a traffic crash scene.,,1,Remember,knowledge,false,false,crash-investigation,,,,,,1.2,0.5
8918050,Police Service Officer,30.0,Evaluate procedures of traffic crash scene management.,30.05,Describe how to evaluate the crash scene for potential hazards.,,5,Evaluate,knowledge,false,false,crash-investigation; safety-wellness,,,,,,1.2,0.5
8918050,Police Service Officer,30.0,Evaluate procedures of traffic crash scene management.,30.06,Describe types of personal protective equipment traffic crash investigators use during a crash scene investigation.,,2,Understand,knowledge,false,false,crash-investigation; investigations; safety-wellness,,,,,,1.3,0.5
8918050,Police Service Officer,30.0,Evaluate procedures of traffic crash scene management.,30.07,Describe how to evaluate the medical response needed at the crash scene.,,5,Evaluate,knowledge,false,false,crash-investigation; emergency-response,,,,,,1.2,0.5
8918050,Police Service Officer,31.0,Describe how to properly execute scene management.,31.01,Determine if a crash occurred.,,4,Analyze,knowledge,false,false,crash-investigation,,,,,,1.1,0.5
8918050,Police Service Officer,31.0,Describe how to properly execute scene management.,31.02,Recognize special considerations to determine the need for additional units.,,4,Analyze,knowledge,false,false,,,,,,,1.2,0.5
8918050,Police Service Officer,31.0,Describe how to properly execute scene management.,31.03,Describe the importance of continually assessing the scene for possible hazards.,,2,Understand,knowledge,false,false,safety-wellness,,,,,,1.2,0.5
8918050,Police Service Officer,31.0,Describe how to properly execute scene management.,31.04,Recognize and describe indicators of impaired drivers.,,2,Understand,knowledge,false,false,,,,,,,1.1,0.5
8918050,Police Service Officer,31.0,Describe how to properly execute scene management.,31.05,Identify a person who may be driving under the influence (DUI).,,1,Remember,knowledge,false,false,,,,,,,1.2,0.5
8918050,Police Service Officer,31.0,Describe how to properly execute scene management.,31.06,Locate elements and evidence at a crash scene that can be used to determine the movement of vehicles and sequence of events.,,1,Remember,knowledge,false,false,crash-investigation; crime-scene,,,,,,1.3,0.5
8918050,Police Service Officer,31.0,Describe how to properly execute scene management.,31.07,Identify the penalties for giving false information.,,1,Remember,knowledge,false,false,,,,,,,1.1,0.5
8918050,Police Service Officer,31.0,Describe how to properly execute scene management.,31.08,Explain how to respond to inquiries with correct information from a variety of sources.,,3,Apply,knowledge,false,false,,,,,,,1.2,0.5
8918050,Police Service Officer,31.0,Describe how to properly execute scene management.,31.09,Recognize when crash report information is privileged or confidential.,,1,Remember,knowledge,false,false,crash-investigation; report-writing,,,,,,1.2,0.5
8918050,Police Service Officer,32.0,List the basic principles of traffic crash investigation.,32.01,"Recognize elements of an investigation as part of the phases: pre-collision, at-collision, and post-collision.",,1,Remember,knowledge,false,false,crash-investigation; investigations,,,,,,1.3,0.5
8918050,Police Service Officer,32.0,List the basic principles of traffic crash investigation.,32.02,Describe the efficient use of field notes.,,3,Apply,performance,false,false,report-writing,,,,,,2.1,0.75
8918050,Police Service Officer,32.0,List the basic principles of traffic crash investigation.,32.03,Distinguish between a witness and an independent witness.,,2,Understand,knowledge,false,false,,,,,,,1.1,0.5
8918050,Police Service Officer,32.0,List the basic principles of traffic crash investigation.,32.04,Describe the most efficient manner in which to interview witnesses.,,2,Understand,knowledge,false,false,communication,,,,,,1.2,0.5
8918050,Police Service Officer,32.0,List the basic principles of traffic crash investigation.,32.05,Identify issues affecting the process of taking statements from witnesses and involved parties.,,3,Apply,performance,false,false,,,,,,,2.2,1
8918050,Police Service Officer,32.0,List the basic principles of traffic crash investigation.,32.06,Describe different methods and practices to obtain statements.,,3,Apply,performance,false,false,,,,,,,2.2,1
8918050,Police Service Officer,32.0,List the basic principles of traffic crash investigation.,32.07,Identify essential documents that traffic crash investigators must gather from people involved in a vehicle crash.,,1,Remember,knowledge,false,false,crash-investigation; investigations,,,,,,1.3,0.5
8918050,Police Service Officer,33.0,Determine the causation of a crash.,33.01,Describe roadway characteristics that may contribute to a crash.,,2,Understand,knowledge,false,false,crash-investigation,,,,,,1.2,0.5
8918050,Police Service Officer,33.0,Determine the causation of a crash.,33.02,Define what the area of collision is.,,1,Remember,knowledge,false,false,crash-investigation,,,,,,1.1,0.5
8918050,Police Service Officer,33.0,Determine the causation of a crash.,33.03,Define common terms used during a traffic crash investigation.,,1,Remember,knowledge,false,false,crash-investigation; investigations,,,,,,1.2,0.5
8918050,Police Service Officer,33.0,Determine the causation of a crash.,33.04,Define transitory and non-transitory types of evidence that should be collected on the scene.,,1,Remember,knowledge,false,false,crime-scene,,,,,,1.2,0.5
8918050,Police Service Officer,33.0,Determine the causation of a crash.,33.05,"Define indicators of a crash to include a vehicle's physical features, marks on the road, and debris.",,1,Remember,knowledge,false,false,crash-investigation,,,,,,1.3,0.5
8918050,Police Service Officer,33.0,Determine the causation of a crash.,33.06,Explain the procedure for the measurement of skid marks.,,2,Understand,knowledge,false,false,crash-investigation; math,,,,,,1.1,0.5
8918050,Police Service Officer,33.0,Determine the causation of a crash.,33.07,Document evidence through markings.,,3,Apply,performance,false,false,crime-scene,,,,,,2.1,0.75
8918050,Police Service Officer,33.0,Determine the causation of a crash.,33.08,"Describe the benefit of taking photographs prior to the detailed examination of a scene, and the disturbance of evidence.",,2,Understand,knowledge,false,false,crime-scene; crowd-control,,,,,,1.3,0.5
8918050,Police Service Officer,33.0,Determine the causation of a crash.,33.09,Identify the information to be included in the field sketch and its purpose.,,1,Remember,knowledge,false,false,crime-scene,,,,,,1.2,0.5
8918050,Police Service Officer,33.0,Determine the causation of a crash.,33.10,List the factors to consider when evaluating vehicular speed.,,1,Remember,knowledge,false,false,crash-investigation,,,,,,1.2,0.5
8918050,Police Service Officer,33.0,Determine the causation of a crash.,33.11,Determining how the crash occurred.,,2,Understand,knowledge,false,false,crash-investigation,,,,,,1.1,0.5
8918050,Police Service Officer,34.0,Describe and demonstrate how to complete the on-site Crash Investigation.,34.01,Facilitate communication between parties to exchange drivers' information.,,3,Apply,performance,false,false,communication,,,,,,2.2,1
8918050,Police Service Officer,34.0,Describe and demonstrate how to complete the on-site Crash Investigation.,34.02,Determine fault for the crash and issue the citation.,,4,Analyze,performance,false,false,crash-investigation,,,,,,2.1,0.75
8918050,Police Service Officer,34.0,Describe and demonstrate how to complete the on-site Crash Investigation.,34.03,"Complete a Uniform Traffic Citation when there is a violation of Florida Statutes (F.S.) 316, 318, 320 and/or 322.",,3,Apply,performance,false,false,crash-investigation; law-legal,"316, F.S.; 318, F.S.; 320, F.S.; 322, F.S.",,,Uniform Traffic Citation,,2.3,1
8918050,Police Service Officer,34.0,Describe and demonstrate how to complete the on-site Crash Investigation.,34.04,Describe steps to clear the crash scene at the end of a vehicle crash investigation.,,2,Understand,knowledge,false,false,crash-investigation; investigations,,,,,,1.2,0.5
8918050,Police Service Officer,34.0,Describe and demonstrate how to complete the on-site Crash Investigation.,34.05,Describe how to determine when to have vehicles cleared from a crash scene.,,4,Analyze,knowledge,false,false,crash-investigation,,,,,,1.2,0.5
8918050,Police Service Officer,34.0,Describe and demonstrate how to complete the on-site Crash Investigation.,34.06,Describe how to determine if a vehicle involved in a crash incident needs a tow truck.,,4,Analyze,knowledge,false,false,crash-investigation,,,,,,1.2,0.5
8918050,Police Service Officer,35.0,Document and complete a report.,35.01,Define the uses of a traffic crash report.,,1,Remember,knowledge,false,false,crash-investigation; report-writing,,,,,,1.1,0.5
8918050,Police Service Officer,35.0,Document and complete a report.,35.02,"Identify the statutes governing crash reporting, and summarize the process to include:","  - 316.061, F.S., Crashes involving damage to vehicle or property. |   - 316.062, F.S., Duty to give information and render aid. |   - 316.062, F.S., Duty upon damaging unattended vehicle or other property. |   - 316.066, F.S., Written reports of crashes.",2,Understand,knowledge,false,false,crash-investigation; report-writing; law-legal,"316.061, F.S.; 316.062, F.S.; 316.066, F.S.",,,,,2.8,1.25
8918050,Police Service Officer,35.0,Document and complete a report.,35.03,Identify statutes outlining special circumstances that may apply to crash reporting in the following statutes to include:,"  - 316.027, F.S., Crash involving death or personal injuries. |   - 316.064, F.S., When driver unable to report. |   - 316.065, F.S., Crashes; reports; penalties. |   - 316.067, F.S., False reports. |   - 316.068, F.S., Crash report forms. |   - 316.070, F.S., Exchange of information at scene of crash. |   - 316.193, F.S., Driving under the influence; penalties. |   - 316.1932, F.S., Tests for alcohol, chemical substances, or controlled substances; implied consent; refusal. |   - 316.1933, F.S., Blood test for impairment or intoxication in cases of death or serious bodily injury; right to use reasonable force.",3,Apply,performance,false,false,crash-investigation; use-of-force; report-writing; law-legal; safety-wellness,"316.027, F.S.; 316.064, F.S.; 316.065, F.S.; 316.067, F.S.; 316.068, F.S.; 316.070, F.S.; 316.193, F.S.; 316.1932, F.S.; 316.1933, F.S.",,,,,5,2
8918050,Police Service Officer,35.0,Document and complete a report.,35.04,"Locate essential definitions common to the job duties of a traffic crash investigator found in 316.003, F.S. and Department of Highway Safety and Motor Vehicles (DHSMV) Traffic Crash Report Manual.",,1,Remember,knowledge,false,false,crash-investigation; investigations; report-writing; law-legal; employability,"316.003, F.S.",,,DHSMV,,1.5,0.5
8918050,Police Service Officer,35.0,Document and complete a report.,35.05,"Identify basic terms related to injuries and their definitions found in statute 316.1933(1)(b), F.S.",,1,Remember,knowledge,false,false,law-legal,"316.1933(1)(b), F.S.",,,,,1.3,0.5
8918050,Police Service Officer,35.0,Document and complete a report.,35.06,Identify the crash report form as a standardized means for storing crash-related information.,,1,Remember,knowledge,false,false,crash-investigation; report-writing,,,,,,1.2,0.5
8918050,Police Service Officer,35.0,Document and complete a report.,35.07,Estimate the dollar amount of damages to vehicles and/or other property.,,2,Understand,knowledge,false,false,math,,,,,,1.2,0.5
8918050,Police Service Officer,35.0,Document and complete a report.,35.08,Identify events that are the causes or contributory causes of a crash.,,1,Remember,knowledge,false,false,crash-investigation,,,,,,1.2,0.5
8918050,Police Service Officer,35.0,Document and complete a report.,35.09,Recognize that the information between the written narrative and a diagram regarding a crash scene need to match.,,1,Remember,knowledge,false,false,crash-investigation; report-writing,,,,,,1.3,0.5
8918050,Police Service Officer,35.0,Document and complete a report.,35.10,Describe the use of diagraming as a means to document information regarding a crash scene investigation.,,3,Apply,performance,false,false,crash-investigation; investigations; report-writing,,,,,,2.3,1
8918050,Police Service Officer,35.0,Document and complete a report.,35.11,List the essential items that officers should include on a crash diagram.,,1,Remember,knowledge,false,false,crash-investigation; report-writing,,,,,,1.2,0.5
8918050,Police Service Officer,35.0,Document and complete a report.,35.12,Complete a Traffic Diagram Template to create the hand-drawn diagram.,,6,Create,performance,false,false,report-writing,,,,,,2.2,1
8918050,Police Service Officer,35.0,Document and complete a report.,35.13,Identify the role of the traffic crash investigator in recommending a driver's license reexamination.,,1,Remember,knowledge,false,false,crash-investigation; investigations; security-industry,,,,,,1.3,0.5
8918050,Police Service Officer,36.0,Describe courtroom demeanor and testimony.,36.01,Define the following legal definitions relative to the traffic crash investigation:,"  - admission: a confession, settlement, or acknowledgement made by a party which could be offered against that party in court [90.803(18), F.S.]. |   - arrest: to legally deprive a person of liberty or freedom to go as one chooses, or taking a person into custody to be held to answer for a crime. |   - contraband: goods, property, or other things possessed in violation of the law. |   - deposition: a form of pretrial discovery, in which the witness is placed under oath and must answer questions asked by an attorney; may be transcribed for use in impeaching the witness at trial or, in special cases, to perpetuate testimony. |   - duces tecum: (""bring with you"") a type of subpoena which requires the witness to bring specified documents or other evidence. |   - evidence: proof of allegations at issue between parties which may be direct, indirect, substantive, intrinsic, original, or derivative. |   - felony: a criminal offense committed within a state in which the maximum penalty is death or incarceration in a state correctional facility for a period exceeding one year. |   - FCIC/NCIC: Florida Crime Information Center (FCIC)/National Crime Information Center (NCIC) (misuse of a secure database is a criminal offense). |   - forfeiture: the loss of some right or property as a penalty for some illegal act. |   - infraction: in Florida state courts, a non-criminal violation punishable by no other penalty than a fine, forfeiture or other civil penalty [775.08(3), F.S.]. |   - jurisdiction: the territorial range over which an authority extends. |   - jury: a body of citizens sworn to deliver a true verdict upon evidence submitted to them in a trial. |   - misdemeanor: in Florida state courts, any criminal offense punishable by a term of imprisonment in a county correctional facility (jail) not in excess of one year; does not include any violation of municipal or county ordinance [775.02(2), F.S.]. |   - ordinance: a law, statute, or legislative enactment, particularly the legislative enactments or statutes of a municipal corporation. |   - probable cause: reasonable grounds for suspicion, supported by circumstance sufficiently strong to warrant a cautious person to believe that an accused individual is guilty of the offense with which he or she is charged. |   - reasonable doubt: a doubt based on reason regarding an element of the state's proof of a defendant's guilt. |   - q) restitution: the restoring of monetary or non-monetary property to a victim for damage or loss caused directly or indirectly by the defendant. |   - search: an exploration or inspection of an individual's premises (such as a house, business, motel room), papers (business records, documents, etc.), effects (cars, luggage) or person. |   - seizure: the act of taking possession of property, things, or persons, including evidence and contraband. |   - subpoena: a document issued under the authority of the court or statute, compelling attendance at a deposition, hearing, trial or other proceeding, which provides that the subpoenaed person is subject to penalty for failure to comply. |   - venue: the circuit or county in which a particular trial may be conducted. |   - witness: one who observes an incident or has knowledge of facts or information.",1,Remember,knowledge,false,false,crash-investigation; use-of-force; investigations; crime-scene; courts-testimony; law-legal; corrections; technology; code-enforcement,"775.02(2), F.S.; 775.08(3), F.S.; 90.803(18), F.S.",,,FCIC/NCIC,,4,1.5
8918050,Police Service Officer,36.0,Describe courtroom demeanor and testimony.,36.02,Define important elements of court preparation for the traffic crash investigator.,,1,Remember,knowledge,false,false,crash-investigation; investigations; courts-testimony,,,,,,1.2,0.5
8918050,Police Service Officer,36.0,Describe courtroom demeanor and testimony.,36.03,Explain the pretrial hearing responsibilities of the traffic crash investigator.,,2,Understand,knowledge,false,false,crash-investigation; investigations; courts-testimony,,,,,,1.2,0.5
8918050,Police Service Officer,36.0,Describe courtroom demeanor and testimony.,36.04,Explain the importance of depositions.,,2,Understand,knowledge,false,false,courts-testimony,,,,,,1.1,0.5
8918050,Police Service Officer,36.0,Describe courtroom demeanor and testimony.,36.05,Identify appropriate demeanor and behavior when giving testimony or statements.,,1,Remember,knowledge,false,false,courts-testimony,,,,,,1.2,0.5
8918050,Police Service Officer,36.0,Describe courtroom demeanor and testimony.,36.06,Describe some common tactics used by opposing counsel during cross-examination.,,2,Understand,knowledge,false,false,courts-testimony,,,,,,1.2,0.5
8918050,Police Service Officer,36.0,Describe courtroom demeanor and testimony.,36.07,Identify techniques that the traffic crash investigator may use to counteract cross examination tactics used by the defense counsel.,,1,Remember,knowledge,false,false,crash-investigation; investigations; courts-testimony,,,,,,1.3,0.5
8918050,Police Service Officer,37.0,"Explain the community service officer's/police service aide's role, ethics, and professionalism.",37.01,Explain the Community Service Officer's/Police Service Aide's role.,,2,Understand,knowledge,false,false,,,,,,,1.2,0.5
8918050,Police Service Officer,37.0,"Explain the community service officer's/police service aide's role, ethics, and professionalism.",37.02,Explain ethics and professionalism.,,2,Understand,knowledge,false,false,ethics,,,,,,1.1,0.5
8918050,Police Service Officer,38.0,Demonstrate patrol procedures.,38.01,Use the telephone and police radio properly.,,3,Apply,performance,false,false,communication,,,,,,2.1,0.75
8918050,Police Service Officer,38.0,Demonstrate patrol procedures.,38.02,Recognize the symptoms of mental illness and retardation and notify the proper authorities.,,1,Remember,knowledge,false,false,emergency-response,,,,,,1.2,0.5
8918050,Police Service Officer,38.0,Demonstrate patrol procedures.,38.03,Perform foot patrol and vehicular patrol and recognize police hazards.,,3,Apply,performance,false,false,patrol; safety-wellness,,,,,,2.2,1
8918050,Police Service Officer,38.0,Demonstrate patrol procedures.,38.04,"Secure the necessary evidence, including the scientific tests and reports, in order to successfully prosecute impaired drivers.",,3,Apply,performance,false,false,crime-scene; report-writing,,,,,,2.3,1
8918050,Police Service Officer,38.0,Demonstrate patrol procedures.,38.05,Operate a vehicle according to National Safety Council standards.,,3,Apply,performance,false,false,,,,,National Safety Council,,2.2,1
8918050,Police Service Officer,39.0,Demonstrate investigative report writing skills.,39.01,Comprehend the types and basic requisites of reports.,,2,Understand,knowledge,false,false,report-writing,,,,,,1.1,0.5
8918050,Police Service Officer,39.0,Demonstrate investigative report writing skills.,39.02,Identify the basic steps in writing a report.,,1,Remember,knowledge,false,false,report-writing,,,,,,1.1,0.5
8918050,Police Service Officer,39.0,Demonstrate investigative report writing skills.,39.03,Apply the fundamentals in writing a report.,,3,Apply,performance,false,false,report-writing,,,,,,2.1,0.75
8918050,Police Service Officer,40.0,Conduct preliminary property crime investigations.,40.01,"Apply proper methods of collecting, preserving, marking and transporting evidence.",,3,Apply,performance,false,false,crime-scene,,,,,,2.2,1
8918050,Police Service Officer,40.0,Conduct preliminary property crime investigations.,40.02,Process surfaces for latent fingerprints.,,3,Apply,performance,false,false,forensics,,,,,,2.1,0.75
8918050,Police Service Officer,40.0,Conduct preliminary property crime investigations.,40.03,"Complete an evidence receipt, maintaining the chain of custody.",,3,Apply,performance,false,false,use-of-force; crime-scene,,,,,,2.2,1
8918050,Police Service Officer,40.0,Conduct preliminary property crime investigations.,40.04,Describe procedures for investigating specific property crimes.,,2,Understand,knowledge,false,false,investigations,,,,,,1.2,0.5
8918050,Police Service Officer,40.0,Conduct preliminary property crime investigations.,40.05,Demonstrate preliminary investigation of specific property crimes.,,3,Apply,performance,false,false,investigations,,,,,,2.2,1
8918050,Police Service Officer,41.0,"Understand the requirements of Chapter 493, F.S., and 5N-1, F.A.C., regulating the private security industry in Florida.",41.01,Discuss the necessity of regulation of the private security industry.,,2,Understand,knowledge,false,false,security-industry,,,,,,1.2,0.5
8918050,Police Service Officer,41.0,"Understand the requirements of Chapter 493, F.S., and 5N-1, F.A.C., regulating the private security industry in Florida.",41.02,"Demonstrate knowledge of the definitions listed in Chapter 493.6101, F.S.",,3,Apply,performance,false,false,law-legal; security-industry,"493.6101, F.S.",,,,,2.2,1
8918050,Police Service Officer,41.0,"Understand the requirements of Chapter 493, F.S., and 5N-1, F.A.C., regulating the private security industry in Florida.",41.03,"Identify those people who may perform the duties of a private security officer, but to whom Chapter 493, F.S. does not apply.",,3,Apply,performance,false,false,law-legal; security-industry,"493, F.S.",,,,,2.3,1
8918050,Police Service Officer,41.0,"Understand the requirements of Chapter 493, F.S., and 5N-1, F.A.C., regulating the private security industry in Florida.",41.04,"Understand the process involved in the initial application for licensure as outlined in Section 493.6105, F.S. and 5N-1.120, F.A.C.",,3,Apply,performance,false,false,law-legal; security-industry,"493.6105, F.S.","5N-1.120, F.A.C.",,,,2.3,1
8918050,Police Service Officer,41.0,"Understand the requirements of Chapter 493, F.S., and 5N-1, F.A.C., regulating the private security industry in Florida.",41.05,"Understand the licensure and posting requirements specified in Section 493.6106, F.S.",,2,Understand,knowledge,false,false,law-legal; security-industry,"493.6106, F.S.",,,,,1.2,0.5
8918050,Police Service Officer,41.0,"Understand the requirements of Chapter 493, F.S., and 5N-1, F.A.C., regulating the private security industry in Florida.",41.06,"Recognize that the DOACS shall conduct an investigation of an applicant prior to the issuance of a license, and that the investigation will include the items listed in Section 493.6108, F.S.",,3,Apply,performance,false,false,investigations; law-legal; security-industry,"493.6108, F.S.",,,DOACS,,2.5,1
8918050,Police Service Officer,41.0,"Understand the requirements of Chapter 493, F.S., and 5N-1, F.A.C., regulating the private security industry in Florida.",41.07,"Understand license contents and duration, and the requirement to carry such license while on duty as a private security officer as stated in Section 493.6111, F.S.",,2,Understand,knowledge,false,false,law-legal; security-industry,"493.6111, F.S.",,,,,1.4,0.5
8918050,Police Service Officer,41.0,"Understand the requirements of Chapter 493, F.S., and 5N-1, F.A.C., regulating the private security industry in Florida.",41.08,"Know the requirements of license renewal per Section 493.6113, F.S.",,1,Remember,knowledge,false,false,law-legal; security-industry,"493.6113, F.S.",,,,,1.2,0.5
8918050,Police Service Officer,41.0,"Understand the requirements of Chapter 493, F.S., and 5N-1, F.A.C., regulating the private security industry in Florida.",41.09,"Understand the requirements of Section 493.6114, F.S., for canceling or inactivating a license.",,2,Understand,knowledge,false,false,law-legal; security-industry,"493.6114, F.S.",,,,,1.2,0.5
8918050,Police Service Officer,41.0,"Understand the requirements of Chapter 493, F.S., and 5N-1, F.A.C., regulating the private security industry in Florida.",41.10,"Understand the prohibitions to carrying a weapon or firearm as listed in Section 493.6115, F.S. and 790.06, F.S.",,2,Understand,knowledge,false,false,use-of-force; law-legal; security-industry,"493.6115, F.S.; 790.06, F.S.",,,,,1.3,0.5
8918050,Police Service Officer,41.0,"Understand the requirements of Chapter 493, F.S., and 5N-1, F.A.C., regulating the private security industry in Florida.",41.11,"Discuss the grounds for disciplinary action by the DOACS against a licensee, agency or applicant as specified in Section 493.6118, F.S.",,2,Understand,knowledge,false,false,law-legal; security-industry,"493.6118, F.S.",,,DOACS,,1.3,0.5
8918050,Police Service Officer,41.0,"Understand the requirements of Chapter 493, F.S., and 5N-1, F.A.C., regulating the private security industry in Florida.",41.12,"Understand the penalties for violation of the provisions of Chapter 493, F.S. as listed in Section 5N-1.113, F.A.C.",,2,Understand,knowledge,false,false,law-legal; security-industry,"493, F.S.","5N-1.113, F.A.C.",,,,1.3,0.5
8918050,Police Service Officer,41.0,"Understand the requirements of Chapter 493, F.S., and 5N-1, F.A.C., regulating the private security industry in Florida.",41.13,"Understand the restrictions against use of the Great Seal of the State of Florida stated in Section 493.6124, F.S.",,3,Apply,performance,false,false,law-legal; security-industry,"493.6124, F.S.",,,Great Seal of the State of Florida,,2.3,1
8918050,Police Service Officer,41.0,"Understand the requirements of Chapter 493, F.S., and 5N-1, F.A.C., regulating the private security industry in Florida.",41.14,"Know the different classes, purposes and costs of licenses listed in Section 493.6301, F.S. and Section 5N-1.116, F.A.C.",,1,Remember,knowledge,false,false,law-legal; security-industry,"493.6301, F.S.","5N-1.116, F.A.C.",,,,1.3,0.5
8918050,Police Service Officer,41.0,"Understand the requirements of Chapter 493, F.S., and 5N-1, F.A.C., regulating the private security industry in Florida.",41.15,"Know when the exceptions to wearing a uniform while on duty apply per Section 493.6305, F.S.",,1,Remember,knowledge,false,false,law-legal; ethics; security-industry,"493.6305, F.S.",,,,,1.2,0.5
8918050,Police Service Officer,41.0,"Understand the requirements of Chapter 493, F.S., and 5N-1, F.A.C., regulating the private security industry in Florida.",41.16,"Understand the authority and restrictions regarding use of exterior lights on security vehicles while patrolling private property per Section 316.2397, F.S.",,3,Apply,performance,false,false,patrol; law-legal; security-industry,"316.2397, F.S.",,,,,2.4,1
8918050,Police Service Officer,41.0,"Understand the requirements of Chapter 493, F.S., and 5N-1, F.A.C., regulating the private security industry in Florida.",41.17,"Understand the uniform, badge and insignia restrictions listed in Section 843.085, F.S. and that impersonating a law enforcement officer is an offense for which disciplinary action may be taken by DOACS.",,2,Understand,knowledge,false,false,law-legal; ethics; security-industry,"843.085, F.S.",,,DOACS,,1.5,0.5
8918050,Police Service Officer,41.0,"Understand the requirements of Chapter 493, F.S., and 5N-1, F.A.C., regulating the private security industry in Florida.",41.18,"Recognize that complaints of a violation of Chapter 493, F.S. or 5N-1, F.A.C. shall be filed with, and investigated by, the DOACS and that, if probable cause exists to believe a violation has occurred, cases shall be conducted in accordance with Section 120.565, F.S. or Chapter 28-4, F.A.C.",,1,Remember,knowledge,false,false,investigations; law-legal; security-industry,"120.565, F.S.; 493, F.S.","28-4, F.A.C.; 5N-1, F.A.C.",,DOACS,,1.7,0.75
8918050,Police Service Officer,41.0,"Understand the requirements of Chapter 493, F.S., and 5N-1, F.A.C., regulating the private security industry in Florida.",41.19,"Understand prohibited activities and requirements as listed in Section 5N-1.124, F.A.C.",,2,Understand,knowledge,false,false,law-legal,,"5N-1.124, F.A.C.",,,,1.2,0.5
8918050,Police Service Officer,41.0,"Understand the requirements of Chapter 493, F.S., and 5N-1, F.A.C., regulating the private security industry in Florida.",41.20,"Understand the restrictions on carrying ammunition as specified in Section 5N-1.129, F.A.C.",,2,Understand,knowledge,false,false,law-legal,,"5N-1.129, F.A.C.",,,,1.2,0.5
8918050,Police Service Officer,42.0,"Understand Chapter 776, F.S., and the legal authority and liability for security actions involving the use of force.",42.01,"Identify criminal laws and procedures relative to common crimes, such as theft, assault, battery, robbery and burglary.",,1,Remember,knowledge,false,false,,,,,,,1.3,0.5
8918050,Police Service Officer,42.0,"Understand Chapter 776, F.S., and the legal authority and liability for security actions involving the use of force.",42.02,"Identify the limitations of arrest authority (i.e., citizen arrest, retail theft)",,1,Remember,knowledge,false,false,use-of-force,,,,,,1.2,0.5
8918050,Police Service Officer,42.0,"Understand Chapter 776, F.S., and the legal authority and liability for security actions involving the use of force.",42.03,"Know the types of force, and purposes of its use, as stated in Chapter 776, F.S.",,1,Remember,knowledge,false,false,law-legal,"776, F.S.",,,,,1.2,0.5
8918050,Police Service Officer,42.0,"Understand Chapter 776, F.S., and the legal authority and liability for security actions involving the use of force.",42.04,Define reasonable force and comprehend the liabilities and effects of the use of force.,,2,Understand,knowledge,false,false,use-of-force; law-legal,,,,,,1.2,0.5
8918050,Police Service Officer,42.0,"Understand Chapter 776, F.S., and the legal authority and liability for security actions involving the use of force.",42.05,"Discuss the legal aspects of firearms, know the definition of deadly force and comprehend the circumstances and officer must consider before using it.",,2,Understand,knowledge,false,false,use-of-force; law-legal,,,,,,1.4,0.5
8918050,Police Service Officer,42.0,"Understand Chapter 776, F.S., and the legal authority and liability for security actions involving the use of force.",42.06,"Explain the rights of victims and witnesses and how these rights apply to all individuals, including security officers, who may be victims or witnesses.",,2,Understand,knowledge,false,false,law-legal; security-industry,,,,,,1.4,0.5
8918050,Police Service Officer,42.0,"Understand Chapter 776, F.S., and the legal authority and liability for security actions involving the use of force.",42.07,"Explain civil and criminal court rules, procedures, and courtroom demeanor for giving testimony and presenting evidence.",,2,Understand,knowledge,false,false,crime-scene; courts-testimony; law-legal,,,,,,1.3,0.5
8918050,Police Service Officer,42.0,"Understand Chapter 776, F.S., and the legal authority and liability for security actions involving the use of force.",42.08,"Explain subpoena, deposition, and pretrial hearing, including who is required to attend, what to do and what to avoid.",,2,Understand,knowledge,false,false,courts-testimony,,,,,,1.3,0.5
8918050,Police Service Officer,42.0,"Understand Chapter 776, F.S., and the legal authority and liability for security actions involving the use of force.",42.09,"Explain the roles in criminal and civil court for the judge, prosecutor, defense attorney, jury and security officer.",,2,Understand,knowledge,false,false,courts-testimony; security-industry,,,,,,1.3,0.5
8918050,Police Service Officer,42.0,"Understand Chapter 776, F.S., and the legal authority and liability for security actions involving the use of force.",42.10,Identify types of questions a witness may be asked and ways to prepare for testifying.,,1,Remember,knowledge,false,false,courts-testimony,,,,,,1.2,0.5
8918050,Police Service Officer,42.0,"Understand Chapter 776, F.S., and the legal authority and liability for security actions involving the use of force.",42.11,Understand the proper response to a crime in progress.,,2,Understand,knowledge,false,false,,,,,,,1.1,0.5
8918050,Police Service Officer,42.0,"Understand Chapter 776, F.S., and the legal authority and liability for security actions involving the use of force.",42.12,Understand the guidelines for when a client requests a search.,,2,Understand,knowledge,false,false,legal-office,,,,,,1.2,0.5
8918050,Police Service Officer,43.0,Apply basic first aid techniques.,43.01,Demonstrate basic first aid techniques to service a victim's needs until professional assistance arrives.,,3,Apply,performance,false,false,emergency-response,,,,,,2.3,1
8918050,Police Service Officer,43.0,Apply basic first aid techniques.,43.02,"Understand basic first aid instructions on various injuries, wounds and shock and emergency response requirements.",,2,Understand,knowledge,false,false,emergency-response,,,,,,1.3,0.5
8918050,Police Service Officer,43.0,Apply basic first aid techniques.,43.03,Understand the Florida Good Samaritan Act.,,2,Understand,knowledge,false,false,law-legal,,,,Florida Good Samaritan Act,,1.1,0.5
8918050,Police Service Officer,43.0,Apply basic first aid techniques.,43.04,Be oriented to bloodborne pathogens.,,1,Remember,knowledge,false,false,emergency-response,,,,,,1.1,0.5
8918050,Police Service Officer,44.0,Conduct emergency procedures.,44.01,Identify emergency plans for fire and bomb threat evacuations.,,1,Remember,knowledge,false,false,emergency-response; fire-life-safety; terrorism,,,,,,1.2,0.5
8918050,Police Service Officer,44.0,Conduct emergency procedures.,44.02,"Explain natural disaster preparation and responses (i.e., hurricanes and floods).",,2,Understand,knowledge,false,false,emergency-response,,,,,,1.2,0.5
8918050,Police Service Officer,44.0,Conduct emergency procedures.,44.03,"Use appropriate security tactics in special circumstances, such as a major electrical failure.",,3,Apply,performance,false,false,,,,,,,2.2,1
8918050,Police Service Officer,45.0,Understand the importance of ethics and professional conduct.,45.01,Describe what professional conduct is for a security officer.,,3,Apply,performance,false,false,ethics; security-industry,,,,,,2.2,1
8918050,Police Service Officer,45.0,Understand the importance of ethics and professional conduct.,45.02,Define the code of conduct/ethics for security officers.,,3,Apply,performance,false,false,ethics; security-industry,,,,,,2.1,0.75
8918050,Police Service Officer,45.0,Understand the importance of ethics and professional conduct.,45.03,"Understand ""command presence"" and the symbolism of a uniform and proper personal grooming.",,2,Understand,knowledge,false,false,ethics,,,,,,1.2,0.5
8918050,Police Service Officer,45.0,Understand the importance of ethics and professional conduct.,45.04,Discuss the importance of the uniform and proper personal grooming to image and professionalism in using assertive techniques to maintain security.,,2,Understand,knowledge,false,false,ethics,,,,,,1.4,0.5
8918050,Police Service Officer,45.0,Understand the importance of ethics and professional conduct.,45.05,Discuss discipline issues.,,2,Understand,knowledge,false,false,ethics,,,,,,1.1,0.5
8918050,Police Service Officer,45.0,Understand the importance of ethics and professional conduct.,45.06,Discuss maintaining work-readiness and alertness and how to cope with shift work/sleep adjustment issues.,,2,Understand,knowledge,false,false,,,,,,,1.3,0.5
8918050,Police Service Officer,45.0,Understand the importance of ethics and professional conduct.,45.07,"Discuss the importance of honesty in dealing with the public, employees and supervisors.",,2,Understand,knowledge,false,false,ethics; employability,,,,,,1.2,0.5
8918050,Police Service Officer,45.0,Understand the importance of ethics and professional conduct.,45.08,"Demonstrate techniques of how to develop rapport with management, employees, guests and visitors.",,6,Create,performance,false,false,communication; employability,,,,,,2.2,1
8918050,Police Service Officer,45.0,Understand the importance of ethics and professional conduct.,45.09,Define what Sexual Harassment is.,,1,Remember,knowledge,false,false,ethics,,,,,,1.1,0.5
8918050,Police Service Officer,45.0,Understand the importance of ethics and professional conduct.,45.10,"Discuss Internet, cell phone, and text-messaging etiquette.",,2,Understand,knowledge,false,false,communication; technology,,,,,,1.1,0.5
8918050,Police Service Officer,46.0,Demonstrate understanding of access control.,46.01,Describe procedures for people.,,2,Understand,knowledge,false,false,,,,,,,1.1,0.5
8918050,Police Service Officer,46.0,Demonstrate understanding of access control.,46.02,Describe procedures for vehicles.,,2,Understand,knowledge,false,false,,,,,,,1.1,0.5
8918050,Police Service Officer,46.0,Demonstrate understanding of access control.,46.03,Describe different basic technology available.,,2,Understand,knowledge,false,false,technology,,,,,,1.1,0.5
8918050,Police Service Officer,46.0,Demonstrate understanding of access control.,46.04,Define the TWIC system.,,1,Remember,knowledge,false,false,security-industry,,,,TWIC,,1.1,0.5
8918050,Police Service Officer,47.0,Demonstrate patrol techniques.,47.01,Describe the types of patrols.,,2,Understand,knowledge,false,false,patrol,,,,,,1.1,0.5
8918050,Police Service Officer,47.0,Demonstrate patrol techniques.,47.02,"Define ""patrolling"" and explain the purposes for patrolling areas.",,2,Understand,knowledge,false,false,patrol,,,,,,1.2,0.5
8918050,Police Service Officer,47.0,Demonstrate patrol techniques.,47.03,Describe fixed post duties and vehicle control.,,2,Understand,knowledge,false,false,patrol,,,,,,1.1,0.5
8918050,Police Service Officer,47.0,Demonstrate patrol techniques.,47.04,Identify the required equipment for security patrols.,,1,Remember,knowledge,false,false,patrol; security-industry,,,,,,1.1,0.5
8918050,Police Service Officer,47.0,Demonstrate patrol techniques.,47.05,"Demonstrate foot patrol, mobile patrol, vehicle safety, and defensive-driving techniques.",,3,Apply,performance,false,false,patrol,,,,,,2.2,1
8918050,Police Service Officer,47.0,Demonstrate patrol techniques.,47.06,"Explain effective patrolling techniques, including preventive patrols and fire watches.",,2,Understand,knowledge,false,false,patrol; crime-prevention; fire-life-safety,,,,,,1.2,0.5
8918050,Police Service Officer,48.0,Make observations and write reports concerning security incidents.,48.01,Explain and demonstrate basic observation techniques,,3,Apply,performance,false,false,,,,,,,2.1,0.75
8918050,Police Service Officer,48.0,Make observations and write reports concerning security incidents.,48.02,Prepare field notes and record initial observations concerning security incidents.,,3,Apply,performance,false,false,report-writing,,,,,,2.2,1
8918050,Police Service Officer,48.0,Make observations and write reports concerning security incidents.,48.03,"Define the six interrogatives elements of a report: who, what, when, where, why and how.",,1,Remember,knowledge,false,false,investigations; report-writing,,,,,,1.2,0.5
8918050,Police Service Officer,48.0,Make observations and write reports concerning security incidents.,48.04,"Define the characteristics of a good report: clear, neat, complete, brief, accurate, and timely.",,1,Remember,knowledge,false,false,report-writing,,,,,,1.2,0.5
8918050,Police Service Officer,48.0,Make observations and write reports concerning security incidents.,48.05,"Describe the process for completing a report: generating ideas to include; outlining, writing and revising a draft; and proofreading the final report for correct grammar, punctuation, and capitalization.",,3,Apply,performance,false,false,report-writing,,,,,,2.5,1
8918050,Police Service Officer,48.0,Make observations and write reports concerning security incidents.,48.06,Recognize sample reports common to the private security industry.,,1,Remember,knowledge,false,false,report-writing; security-industry,,,,,,1.2,0.5
8918050,Police Service Officer,48.0,Make observations and write reports concerning security incidents.,48.07,Introduce student to bullet-style outlines.,,2,Understand,knowledge,false,false,report-writing,,,,,,1.1,0.5
8918050,Police Service Officer,49.0,Demonstrate interviewing techniques.,49.01,Explain what an interview is.,,2,Understand,knowledge,false,false,communication,,,,,,1.1,0.5
8918050,Police Service Officer,49.0,Demonstrate interviewing techniques.,49.02,Identify the purpose and styles of interviews and explain how to motivate the person being interviewed.,,1,Remember,knowledge,false,false,communication,,,,,,1.3,0.5
8918050,Police Service Officer,49.0,Demonstrate interviewing techniques.,49.03,"Use effective communication techniques to develop rapport with victims, witnesses, and suspects during an interview.",,6,Create,performance,false,false,investigations; communication,,,,,,2.3,1
8918050,Police Service Officer,49.0,Demonstrate interviewing techniques.,49.04,"Apply different approaches to interviews, including methods for ending an interview.",,3,Apply,performance,false,false,communication,,,,,,2.2,1
8918050,Police Service Officer,49.0,Demonstrate interviewing techniques.,49.05,Define deceptive cues.,,1,Remember,knowledge,false,false,,,,,,,1.1,0.5
8918050,Police Service Officer,50.0,"Conduct security duties regarding fire detection, suppression and life safety.",50.01,Discuss the mission of the security officer regarding fires.,,2,Understand,knowledge,false,false,security-industry; fire-life-safety,,,,,,1.2,0.5
8918050,Police Service Officer,50.0,"Conduct security duties regarding fire detection, suppression and life safety.",50.02,"Define fire, highlighting the necessary ingredients.",,1,Remember,knowledge,false,false,fire-life-safety,,,,,,1.1,0.5
8918050,Police Service Officer,50.0,"Conduct security duties regarding fire detection, suppression and life safety.",50.03,Explain the responsibilities of the security officer regarding: fire prevention and fire extinguishing.,,2,Understand,knowledge,false,false,security-industry; fire-life-safety,,,,,,1.3,0.5
8918050,Police Service Officer,50.0,"Conduct security duties regarding fire detection, suppression and life safety.",50.04,Explain how to prevent and control fires and notify the fire department.,"  - Describe sodium fires and acids. |   - Describe procedures for controlling small fires. |   - Identify extinguishing methods (cooling, smothering, and starving), list extinguishing agents, and identify markings on containers of extinguishing agents for use with different fires.",2,Understand,knowledge,false,false,fire-life-safety,,,,,,2.6,1
8918050,Police Service Officer,50.0,"Conduct security duties regarding fire detection, suppression and life safety.",50.05,"Be familiar with life safety issues, such as:","  - Life safety plans. |   - Fire detection, location and intensity. |   - Evacuation.",1,Remember,knowledge,false,false,emergency-response; fire-life-safety,,,,,,2,0.75
8918050,Police Service Officer,50.0,"Conduct security duties regarding fire detection, suppression and life safety.",50.06,"Explain Section 877.15, F.S., failure to control or report a dangerous fire.",,2,Understand,knowledge,false,false,report-writing; law-legal; fire-life-safety,"877.15, F.S.",,,,,1.2,0.5
8918050,Police Service Officer,51.0,Perform crime and accident prevention techniques.,51.01,"Perform access control and explain methods of prevention of thefts by use of lock, inspection or alarm technology.",,3,Apply,performance,false,false,crime-prevention; security-industry; technology,,,,,,2.3,1
8918050,Police Service Officer,51.0,Perform crime and accident prevention techniques.,51.02,"Explain methods of prevention of injury, elimination of hazards and reporting.",,2,Understand,knowledge,false,false,report-writing; crime-prevention; safety-wellness,,,,,,1.2,0.5
8918050,Police Service Officer,51.0,Perform crime and accident prevention techniques.,51.03,"Explain methods of prevention including securing company equipment, property and reporting deficiencies.",,2,Understand,knowledge,false,false,report-writing,,,,,,1.3,0.5
8918050,Police Service Officer,51.0,Perform crime and accident prevention techniques.,51.04,Use telecommunications equipment.,,3,Apply,performance,false,false,communication,,,,,,2.1,0.75
8918050,Police Service Officer,51.0,Perform crime and accident prevention techniques.,51.05,Define how CCTV can be used.,,1,Remember,knowledge,false,false,security-industry,,,,,,1.1,0.5
8918050,Police Service Officer,52.0,Perform crime and accident scene protection.,52.01,Define a crime scene.,,1,Remember,knowledge,false,false,crime-scene,,,,,,1.1,0.5
8918050,Police Service Officer,52.0,Perform crime and accident scene protection.,52.02,"Understand the value of crime/accident scene integrity to investigators, etc.",,2,Understand,knowledge,false,false,investigations; ethics,,,,,,1.2,0.5
8918050,Police Service Officer,52.0,Perform crime and accident scene protection.,52.03,Define the duties of the first security officer on the scene to:,  - Determine what makes up the crime/accident scene. |   - Isolate and protect the crime/accident scene. |   - Identify witnesses.,1,Remember,knowledge,false,false,security-industry,,,,,,2.2,1
8918050,Police Service Officer,52.0,Perform crime and accident scene protection.,52.04,Identify work habits of successful employees.,,1,Remember,knowledge,false,false,employability,,,,,,1.1,0.5
8918050,Police Service Officer,52.0,Perform crime and accident scene protection.,52.05,"Understand evidence preservation and define ""chain of custody"".",,2,Understand,knowledge,false,false,use-of-force; crime-scene,,,,,,1.2,0.5
8918050,Police Service Officer,52.0,Perform crime and accident scene protection.,52.06,Discuss effects of contamination of evidence.,,2,Understand,knowledge,false,false,crime-scene,,,,,,1.1,0.5
8918050,Police Service Officer,53.0,Identify roles of security officers with regards to terrorism prevention.,53.01,Definition and history of terrorism.,,1,Remember,knowledge,false,false,terrorism; system-overview,,,,,,1.1,0.5
8918050,Police Service Officer,53.0,Identify roles of security officers with regards to terrorism prevention.,53.02,National threat levels.,,2,Understand,knowledge,false,false,terrorism,,,,,,1.1,0.5
8918050,Police Service Officer,53.0,Identify roles of security officers with regards to terrorism prevention.,53.03,Types of terrorist attacks.,,2,Understand,knowledge,false,false,terrorism,,,,,,1.1,0.5
8918050,Police Service Officer,53.0,Identify roles of security officers with regards to terrorism prevention.,53.04,Role of security officer.,,2,Understand,knowledge,false,false,security-industry,,,,,,1.1,0.5
8918050,Police Service Officer,53.0,Identify roles of security officers with regards to terrorism prevention.,53.05,Recognition and response to potential terrorist activities.,,2,Understand,knowledge,false,false,terrorism,,,,,,1.1,0.5
8918050,Police Service Officer,54.0,Identify entrepreneurship opportunities in the private security industry.,54.01,Describe the meaning of entrepreneurship and the types of businesses created by entrepreneurs that require security.,,2,Understand,knowledge,false,false,entrepreneurship,,,,,,1.3,0.5
8918050,Police Service Officer,54.0,Identify entrepreneurship opportunities in the private security industry.,54.02,"Describe security businesses that serve the general public, private corporations, and other private organizations or groups.",,2,Understand,knowledge,false,false,security-industry,,,,,,1.3,0.5
8918050,Police Service Officer,54.0,Identify entrepreneurship opportunities in the private security industry.,54.03,"Describe the risks, advantages, responsibilities, and state and local licensing requirements for establishing a business that provides security.",,2,Understand,knowledge,false,false,security-industry,,,,,,1.4,0.5
8918050,Police Service Officer,54.0,Identify entrepreneurship opportunities in the private security industry.,54.04,Compare personal traits and assets required of an entrepreneur in the security industry to those required of an employee.,,2,Understand,knowledge,false,false,employability; entrepreneurship,,,,,,1.3,0.5
8918050,Police Service Officer,54.0,Identify entrepreneurship opportunities in the private security industry.,54.05,Compare opportunities for starting a security business to other job opportunities in the security industry.,,2,Understand,knowledge,false,false,employability; security-industry; entrepreneurship,,,,,,1.3,0.5
8918050,Police Service Officer,55.0,Demonstrate employability skills in the private security industry.,55.01,Conduct a job search and identify advanced-training opportunities and requirements in the security industry.,,3,Apply,performance,false,false,employability,,,,,,2.3,1
8918050,Police Service Officer,55.0,Demonstrate employability skills in the private security industry.,55.02,Identify an employer's cost for security services and other major business investments.,,1,Remember,knowledge,false,false,employability; entrepreneurship,,,,,,1.2,0.5
8918050,Police Service Officer,55.0,Demonstrate employability skills in the private security industry.,55.03,"Obtain information on different job titles, licensing requirements, job responsibilities, rates of pay, employee benefits, work conditions, risks, and opportunities for career advancement in the security industry.",,3,Apply,performance,false,false,employability; security-industry,,,,,,2.5,1
8918050,Police Service Officer,55.0,Demonstrate employability skills in the private security industry.,55.04,Write a resume and modify it for different types of security jobs.,,3,Apply,performance,false,false,employability,,,,,,2.2,1
8918050,Police Service Officer,55.0,Demonstrate employability skills in the private security industry.,55.05,Write a letter of introduction to a prospective employer.,,3,Apply,performance,false,false,employability,,,,,,2.1,0.75
8918050,Police Service Officer,55.0,Demonstrate employability skills in the private security industry.,55.06,Obtain and complete sample application forms for employment as a private security officer.,,3,Apply,performance,false,false,employability; security-industry,,,,,,2.2,1
8918050,Police Service Officer,55.0,Demonstrate employability skills in the private security industry.,55.07,Demonstrate appropriate demeanor and interview techniques with prospective employers.,,3,Apply,performance,false,false,courts-testimony; communication; employability,,,,,,2.2,1
8918050,Police Service Officer,55.0,Demonstrate employability skills in the private security industry.,55.08,Identify work habits of successful employees.,,1,Remember,knowledge,false,false,employability,,,,,,1.1,0.5
8918050,Police Service Officer,55.0,Demonstrate employability skills in the private security industry.,55.09,Describe methods of making job changes appropriately.,,2,Understand,knowledge,false,false,employability,,,,,,1.1,0.5
8918050,Police Service Officer,55.0,Demonstrate employability skills in the private security industry.,55.10,Demonstrate appropriate responses to performance evaluations from supervisors and others in the workplace.,,3,Apply,performance,false,false,employability,,,,,,2.3,1
8918050,Police Service Officer,56.0,Explain the importance of public relations.,56.01,Explain the importance of security and law enforcement relations.,,2,Understand,knowledge,false,false,,,,,,,1.2,0.5
8918050,Police Service Officer,56.0,Explain the importance of public relations.,56.02,Explain the importance of security and firefighter/EMT interactions.,,2,Understand,knowledge,false,false,,,,,,,1.2,0.5
8918050,Police Service Officer,56.0,Explain the importance of public relations.,56.03,Describe the relations with the media.,,2,Understand,knowledge,false,false,public-relations,,,,,,1.1,0.5
8918050,Police Service Officer,56.0,Explain the importance of public relations.,56.04,Describe the importance of community relations.,,2,Understand,knowledge,false,false,diversity,,,,,,1.1,0.5
8918050,Police Service Officer,56.0,Explain the importance of public relations.,56.05,Explain courtesy and etiquette issues in how they relate to security.,,2,Understand,knowledge,false,false,courts-testimony; communication; public-relations,,,,,,1.2,0.5
8918050,Police Service Officer,57.0,Demonstrate courtroom procedures.,57.01,Explain the security officer's role as a witness in both criminal and civil court.,,2,Understand,knowledge,false,false,courts-testimony; security-industry,,,,,,1.2,0.5
8918050,Police Service Officer,57.0,Demonstrate courtroom procedures.,57.02,"Explain the roles of the judge, prosecutor, defense attorney and jury.",,5,Evaluate,knowledge,false,false,courts-testimony,,,,,,1.2,0.5
8918050,Police Service Officer,57.0,Demonstrate courtroom procedures.,57.03,Explain the security officer's rights as a victim/witness.,,2,Understand,knowledge,false,false,security-industry,,,,,,1.1,0.5
8918050,Police Service Officer,57.0,Demonstrate courtroom procedures.,57.04,Identify the types of questions a witness may be asked.,,1,Remember,knowledge,false,false,,,,,,,1.1,0.5
8918050,Police Service Officer,57.0,Demonstrate courtroom procedures.,57.05,Understand the use of reference records; value of good notes and reports; and the use of security records in court.,,3,Apply,performance,false,false,report-writing; courts-testimony,,,,,,2.3,1
8918050,Police Service Officer,57.0,Demonstrate courtroom procedures.,57.06,"Explain subpoena, deposition and pretrial hearing; who is required to attend; and discussing the case do's and don'ts.",,2,Understand,knowledge,false,false,courts-testimony,,,,,,1.3,0.5
8918050,Police Service Officer,57.0,Demonstrate courtroom procedures.,57.07,Discuss courtroom testimony issues; preparation and giving testimony.,,2,Understand,knowledge,false,false,courts-testimony,,,,,,1.2,0.5
8918050,Police Service Officer,57.0,Demonstrate courtroom procedures.,57.08,Demonstrate proper courtroom demeanor.,,3,Apply,performance,false,false,courts-testimony,,,,,,2.1,0.75
8918050,Police Service Officer,58.0,Understand the fundamentals of personal security.,58.01,"Explain the use of cognitive and affective skills in expressing calmness, courtesy, patience, and self-control.",,3,Apply,performance,false,false,courts-testimony,,,,,,2.3,1
8918050,Police Service Officer,58.0,Understand the fundamentals of personal security.,58.02,Describe techniques for diffusing hostility.,,2,Understand,knowledge,false,false,,,,,,,1.1,0.5
8918050,Police Service Officer,58.0,Understand the fundamentals of personal security.,58.03,Describe safety concerns and steps to follow when responding to potentially violent situations and violent crimes.,"  - Evasive tactics. |   - Describe weapons safety practices and ways to decrease the accidental or deliberate use of weapons. |   - Describe the types of weapons--such as batons, chemical weapons, knives, and guns--that might be used against a security officer or other individuals in violent situations. |   - Identify unarmed methods for responding to violent crimes, discouraging the use of weapons, and enhancing weapon safety. |   - Review the security officer's use of weapons as outlined in Chapter 493, F.S.",3,Apply,knowledge,false,false,traffic-control; use-of-force; law-legal; security-industry,"493, F.S.",,,,,3.3,1.25
8918050,Police Service Officer,59.0,Demonstrate interpersonal communication skills.,59.01,"Understand perception factors - appearance, body language, tone of voice, etc.",,2,Understand,knowledge,false,false,communication,,,,,,1.2,0.5
8918050,Police Service Officer,59.0,Demonstrate interpersonal communication skills.,59.02,Understand the importance of clarity in verbal and written communication.,,2,Understand,knowledge,false,false,communication,,,,,,1.2,0.5
8918050,Police Service Officer,59.0,Demonstrate interpersonal communication skills.,59.03,Demonstrate professional communication skills.,,3,Apply,performance,false,false,communication,,,,,,2.1,0.75
8918050,Police Service Officer,59.0,Demonstrate interpersonal communication skills.,59.04,Identify the effects of threats or challenges which are directed toward the security officer.,,1,Remember,knowledge,false,false,security-industry,,,,,,1.2,0.5
8918050,Police Service Officer,59.0,Demonstrate interpersonal communication skills.,59.05,Identify the effects of threats or challenges which are directed toward a citizen by the security officer.,,1,Remember,knowledge,false,false,security-industry,,,,,,1.3,0.5
8918050,Police Service Officer,60.0,Demonstrate professional communications skills.,60.01,Demonstrate two-way radio use and procedures.,,3,Apply,performance,false,false,communication,,,,,,2.1,0.75
8918050,Police Service Officer,60.0,Demonstrate professional communications skills.,60.02,Demonstrate proper telephone etiquette.,,3,Apply,performance,false,false,communication,,,,,,2.1,0.75
8918050,Police Service Officer,60.0,Demonstrate professional communications skills.,60.03,Demonstrate other professional communication techniques.,,3,Apply,performance,false,false,communication,,,,,,2.1,0.75
8918050,Police Service Officer,61.0,Perform traffic control procedures.,61.01,Describe general responsibilities of traffic controllers.,,2,Understand,knowledge,false,false,traffic-control,,,,,,1.1,0.5
8918050,Police Service Officer,61.0,Perform traffic control procedures.,61.02,"Identify areas where security officer may direct traffic (i.e., private property, special events, and parking lots).",,1,Remember,knowledge,false,false,traffic-control; security-industry,,,,,,1.3,0.5
8918050,Police Service Officer,61.0,Perform traffic control procedures.,61.03,Demonstrate position and posture in directing traffic.,,3,Apply,performance,false,false,traffic-control,,,,,,2.1,0.75
8918050,Police Service Officer,61.0,Perform traffic control procedures.,61.04,Identify practical hand signals.,,1,Remember,knowledge,false,false,traffic-control,,,,,,1.1,0.5
8918050,Police Service Officer,61.0,Perform traffic control procedures.,61.05,Identify safety equipment used during traffic direction.,,1,Remember,knowledge,false,false,traffic-control,,,,,,1.1,0.5
8918050,Police Service Officer,61.0,Perform traffic control procedures.,61.06,"Demonstrate use of the whistle, the flashlight, traffic cones and flares.",,3,Apply,performance,false,false,traffic-control,,,,,,2.2,1
8918050,Police Service Officer,62.0,Perform crowd control procedures.,62.01,"Identify the types of crowds (i.e., peaceful, hostile, demonstration, etc.).",,1,Remember,knowledge,false,false,crowd-control,,,,,,1.2,0.5
8918050,Police Service Officer,62.0,Perform crowd control procedures.,62.02,Discuss the characteristics of crowds.,,2,Understand,knowledge,false,false,crowd-control,,,,,,1.1,0.5
8918050,Police Service Officer,62.0,Perform crowd control procedures.,62.03,Identify methods for directing the flow of crowd traffic.,,1,Remember,knowledge,false,false,crowd-control,,,,,,1.1,0.5
8918050,Police Service Officer,62.0,Perform crowd control procedures.,62.04,Understand the importance of teamwork among security officers in crowd control situations.,,2,Understand,knowledge,false,false,security-industry; crowd-control,,,,,,1.2,0.5
8918050,Police Service Officer,62.0,Perform crowd control procedures.,62.05,"Demonstrate crowd control techniques (i.e., interaction procedures, effective assertiveness, issuing directives, eliciting cooperation and identifying agitator).",,3,Apply,performance,false,false,crowd-control,,,,,,2.4,1
8918050,Police Service Officer,62.0,Perform crowd control procedures.,62.06,Demonstrate effective security officer behavior in crowd control situations.,,3,Apply,performance,false,false,security-industry; crowd-control,,,,,,2.2,1
8918050,Police Service Officer,62.0,Perform crowd control procedures.,62.07,Describe riot and protest preparation.,,2,Understand,knowledge,false,false,crowd-control,,,,,,1.1,0.5
8918050,Police Service Officer,63.0,Identify special problems for security.,63.01,Know the fundamentals of understanding unique behavior: dealing with disabilities; the emotionally distressed; elderly; juveniles; and transients and trespassers.,,1,Remember,knowledge,false,false,juvenile; diversity,,,,,,1.4,0.5
8918050,Police Service Officer,63.0,Identify special problems for security.,63.02,"Know the definition of, and be able to identify, controlled substances.",,1,Remember,knowledge,false,false,safety-wellness,,,,,,1.2,0.5
8918050,Police Service Officer,63.0,Identify special problems for security.,63.03,Recognize when you are dealing with someone under the influence.,,1,Remember,knowledge,false,false,,,,,,,1.2,0.5
8918050,Police Service Officer,63.0,Identify special problems for security.,63.04,"Know the duties of an Occupational Safety and Health Administration (OSHA) first responder including HAZMAT, how to read and understand labels, how to respond to a hazardous incident and security officer safety and accident prevention.",,1,Remember,knowledge,false,false,security-industry; safety-wellness,,,,OSHA,,1.6,0.75
8918050,Police Service Officer,64.0,Identify the various types of terrorism.,64.01,Dynamics of a terrorist attack.,,2,Understand,knowledge,false,false,terrorism,,,,,,1.1,0.5
8918050,Police Service Officer,64.0,Identify the various types of terrorism.,64.02,Proactive Counter Intelligence and Operational Security (OPSEC).,,2,Understand,knowledge,false,false,terrorism,,,,,,1.2,0.5
8918050,Police Service Officer,64.0,Identify the various types of terrorism.,64.03,Physical security and access control.,,2,Understand,knowledge,false,false,security-industry,,,,,,1.1,0.5
8918050,Police Service Officer,64.0,Identify the various types of terrorism.,64.04,Bomb incident response.,,2,Understand,knowledge,false,false,terrorism,,,,,,1.1,0.5
8918050,Police Service Officer,64.0,Identify the various types of terrorism.,64.05,Mail screening:,  - Biological/Chemical |   - Explosive,2,Understand,knowledge,false,false,terrorism,,,,,,1.6,0.75
8918050,Police Service Officer,64.0,Identify the various types of terrorism.,64.06,Types of attacks and responses (BENICE):,  - Biological |   - Explosive |   - Nuclear |   - Incendiary |   - Chemical |   - Energetic |   - Samples of Florida incidents,2,Understand,knowledge,false,false,fire-life-safety; terrorism,,,,BENICE,,3.1,1.25
8918050,Police Service Officer,65.0,Develop an awareness of violence in the workplace.,65.01,"Describe the history, scope, and incidence of violence in the workplace.",,2,Understand,knowledge,false,false,safety-wellness,,,,,,1.2,0.5
8918050,Police Service Officer,65.0,Develop an awareness of violence in the workplace.,65.02,Be aware of potential violence.,,1,Remember,knowledge,false,false,,,,,,,1.1,0.5
8918050,Police Service Officer,65.0,Develop an awareness of violence in the workplace.,65.03,"Explain security actions in preventing workplace violence, including use of physical security measures, detection of abnormalities, and reporting of incidents.",,2,Understand,knowledge,false,false,report-writing; safety-wellness,,,,,,1.4,0.5
8918050,Police Service Officer,65.0,Develop an awareness of violence in the workplace.,65.04,Discuss responding to violent behavior.,,2,Understand,knowledge,false,false,,,,,,,1.1,0.5
8918050,Police Service Officer,65.0,Develop an awareness of violence in the workplace.,65.05,"Explain the role of a security officer in providing assistance to, and cooperating with, trauma teams during crisis management.",,2,Understand,knowledge,false,false,security-industry; emergency-response,,,,,,1.3,0.5
8918060,Certified Legal Assistant,28.0,Demonstrate comprehension and communication of legal knowledge skills.,28.01,"Read and comprehend technical and non-technical legal terminology utilized in reading assignments related to course content including trade journals, books, magazines and electronic",,2,Understand,knowledge,false,false,law-legal; technology; legal-office,,,,,,1.5,2.75
8918060,Certified Legal Assistant,28.0,Demonstrate comprehension and communication of legal knowledge skills.,28.02,"Write clear and well-organized documents, integrating a variety of information from a range of law areas.",,3,Apply,performance,false,false,,,,,,,2.3,4.5
8918060,Certified Legal Assistant,28.0,Demonstrate comprehension and communication of legal knowledge skills.,28.03,"Take notes, organize, summarize, and paraphrase ideas and details.",,4,Analyze,performance,false,false,,,,,,,2.2,4.25
8918060,Certified Legal Assistant,28.0,Demonstrate comprehension and communication of legal knowledge skills.,28.04,Accurately follow written and oral instructions.,,3,Apply,knowledge,false,false,,,,,,,1.1,2
8918060,Certified Legal Assistant,28.0,Demonstrate comprehension and communication of legal knowledge skills.,28.05,"Interpret data on graphs, charts, diagrams, and tables commonly used in the legal profession",,2,Understand,knowledge,false,false,report-writing; law-legal,,,,,,1.2,2.25
8918060,Certified Legal Assistant,28.0,Demonstrate comprehension and communication of legal knowledge skills.,28.06,"Understand the federal and state court systems, juries and jurisdiction",,2,Understand,knowledge,false,false,courts-testimony; law-legal; system-overview,,,,,,1.2,2.25
8918060,Certified Legal Assistant,29.0,"Demonstrate knowledge, skill, and application of computer information systems to accomplish legal job objectives and enhance workplace performance.",29.01,"Develop keyboarding skills to enter and manipulate text and data (e.g., create, edit, format, input, and design layout).",,6,Create,performance,false,false,technology,,,,,,2.3,4.5
8918060,Certified Legal Assistant,29.0,"Demonstrate knowledge, skill, and application of computer information systems to accomplish legal job objectives and enhance workplace performance.",29.02,Describe and use current and emerging computer technology and software to perform legal business-related tasks.,,3,Apply,performance,false,false,law-legal; technology; legal-office,,,,,,2.3,4.5
8918060,Certified Legal Assistant,29.0,"Demonstrate knowledge, skill, and application of computer information systems to accomplish legal job objectives and enhance workplace performance.",29.03,"Demonstrate knowledge of basic file management, filing rules and filing procedures skills.",,3,Apply,performance,false,false,legal-office,,,,,,2.2,4.25
8918060,Certified Legal Assistant,29.0,"Demonstrate knowledge, skill, and application of computer information systems to accomplish legal job objectives and enhance workplace performance.",29.04,"Identify, describe and utilize communications and networking systems required in legal workplace environments (e.g., electronic mail, internet, conflicts check system, etc.).",,3,Apply,performance,false,false,law-legal; communication; technology; legal-office,,,,,,2.4,4.5
8918060,Certified Legal Assistant,29.0,"Demonstrate knowledge, skill, and application of computer information systems to accomplish legal job objectives and enhance workplace performance.",29.05,Use reference materials and manuals available for applications and operation systems software.,,3,Apply,performance,false,false,technology,,,,,,2.2,4.25
8918060,Certified Legal Assistant,29.0,"Demonstrate knowledge, skill, and application of computer information systems to accomplish legal job objectives and enhance workplace performance.",29.06,"Troubleshoot problems with computer software, hardware, peripherals, and other office equipment (e.g., printers, facsimile, dictation equipment, postage meters, etc.).",,4,Analyze,knowledge,false,false,technology,,,,,,1.4,2.75
8918060,Certified Legal Assistant,29.0,"Demonstrate knowledge, skill, and application of computer information systems to accomplish legal job objectives and enhance workplace performance.",29.07,Describe ethical issues and problems associated with computers and information systems.,,2,Understand,knowledge,false,false,ethics; technology,,,,,,1.2,2.25
8918060,Certified Legal Assistant,30.0,Perform e-mail activities.,30.01,Describe e-mail capabilities and functions.,,2,Understand,knowledge,false,false,technology,,,,,,1.1,2
8918060,Certified Legal Assistant,30.0,Perform e-mail activities.,30.02,Use the Internet to perform e-mail activities.,,3,Apply,performance,false,false,technology,,,,,,2.1,4
8918060,Certified Legal Assistant,31.0,Demonstrate knowledge of legal operating systems.,31.01,"Identify and utilize basic legal operating system file naming conventions (e.g., basic principles, business names, governmental names, organizational names and personal names.)",,3,Apply,performance,false,false,law-legal; legal-office,,,,,,2.4,4.5
8918060,Certified Legal Assistant,31.0,Demonstrate knowledge of legal operating systems.,31.02,"Use appropriate legal office procedures for letters, envelopes, interoffice memoranda, processing mail, proof reading and, delivery services.",,3,Apply,performance,false,false,law-legal; legal-office,,,,,,2.4,4.5
8918060,Certified Legal Assistant,31.0,Demonstrate knowledge of legal operating systems.,31.03,Know and understand the duties performed by a notary public.,,2,Understand,knowledge,false,false,legal-office,,,,,,1.2,2.25
8918060,Certified Legal Assistant,31.0,Demonstrate knowledge of legal operating systems.,31.04,"Understand and use appropriate telephone etiquette (e.g., courtesy, first impressions, telephone use, etc.).",,3,Apply,performance,false,false,forensics; courts-testimony; communication,,,,,,2.3,4.5
8918060,Certified Legal Assistant,32.0,Perform legal office functions and responsibilities to accomplish job objectives and enhance workplace performance.,32.01,"Demonstrate knowledge of ethical behavior in a business environment (e.g., confidentiality of information, employee right to know, hiring practices, plagiarism, copyright violations, sexual harassment, mission statement, code of ethics, etc.).",,3,Apply,performance,false,false,ethics; employability,,,,,,2.6,5
8918060,Certified Legal Assistant,32.0,Perform legal office functions and responsibilities to accomplish job objectives and enhance workplace performance.,32.02,"Perform legal business tasks (e.g., filing and records management, scheduling, reprographics, mail handling, etc.).",,3,Apply,performance,false,false,law-legal; technology; legal-office; time-management,,,,,,2.3,4.5
8918060,Certified Legal Assistant,32.0,Perform legal office functions and responsibilities to accomplish job objectives and enhance workplace performance.,32.03,"Demonstrate knowledge of ethical behavior in a legal business environment (e.g., appearance of impropriety, dealing with confidential information and privileged communications, identity of funds and property of clients, confidence and integrity in the legal profession, and unauthorized practice of law, etc.).",,3,Apply,performance,false,false,law-legal; communication; ethics; legal-office,,,,,,2.8,5.25
8918060,Certified Legal Assistant,33.0,Develop communication skills in technical reading and writing of legal documents.,33.01,"Utilize basic grammar, spelling, punctuation, capitalization, word usage and number usage skills to create/develop legal documents.",,3,Apply,performance,false,false,law-legal; legal-office,,,,,,2.3,4.5
8918060,Certified Legal Assistant,33.0,Develop communication skills in technical reading and writing of legal documents.,33.02,"Use composition and expression during the writing process to create/edit legal documents appropriate to the subject matter, purpose, and audience (e.g., clarity, conciseness, tone, sentence structure, unity, coherence, etc.).",,3,Apply,performance,false,false,law-legal; legal-office,,,,,,2.6,5
8918060,Certified Legal Assistant,33.0,Develop communication skills in technical reading and writing of legal documents.,33.03,"Respond to and utilize information derived from multiple sources (e.g., written documents, instructions, e-mail, voice mail) to solve legal problems and complete legal tasks.",,3,Apply,performance,false,false,law-legal; technology,,,,,,2.4,4.5
8918060,Certified Legal Assistant,34.0,Demonstrate personal and interpersonal skills appropriate for the legal workplace.,34.01,Accept constructive criticism in a positive manner.,,3,Apply,knowledge,false,false,,,,,,,1.1,2
8918060,Certified Legal Assistant,34.0,Demonstrate personal and interpersonal skills appropriate for the legal workplace.,34.02,Apply appropriate strategies to manage and resolve conflict in work situations.,,3,Apply,performance,false,false,,,,,,,2.2,4.25
8918060,Certified Legal Assistant,34.0,Demonstrate personal and interpersonal skills appropriate for the legal workplace.,34.03,"Demonstrate personal and interpersonal skills appropriate for the legal workplace (e.g., responsibility, dependability, punctuality, integrity, positive attitude, initiative, and respect for self and others, professional dress, etc.).",,3,Apply,performance,false,false,law-legal; communication; ethics; legal-office,,,,,,2.6,5
8918060,Certified Legal Assistant,35.0,"Use technology to apply and enhance communication skills in technical reading, writing, speaking, listening, and viewing.",35.01,"Use database, spreadsheets, presentation software, scheduling, and integrated software packages to enhance communications.",,3,Apply,performance,false,false,communication; technology; time-management,,,,,,2.3,4.5
8918060,Certified Legal Assistant,35.0,"Use technology to apply and enhance communication skills in technical reading, writing, speaking, listening, and viewing.",35.02,"Use computer networks (e.g., Internet, on-line databases, e-mail) to facilitate collaborative or individual learning and communication.",,3,Apply,performance,false,false,communication; technology,,,,,,2.3,4.5
8918060,Certified Legal Assistant,35.0,"Use technology to apply and enhance communication skills in technical reading, writing, speaking, listening, and viewing.",35.03,"Respond to and utilize information derived from multiple sources (e.g., written documents, instructions, e-mail, and voice mail) to solve business problems and complete business tasks.",,3,Apply,performance,false,false,technology,,,,,,2.5,4.75
8918060,Certified Legal Assistant,35.0,"Use technology to apply and enhance communication skills in technical reading, writing, speaking, listening, and viewing.",35.04,"Use miscellaneous equipment and information services to complete legal tasks (e.g., copiers, dictation equipment, facsimile, filing equipment and postage meters).",,3,Apply,performance,false,false,law-legal; legal-office,,,,,,2.4,4.5
8918060,Certified Legal Assistant,36.0,Apply office accounting strategies to commonly occurring situations in the legal workplace to accomplish job objectives and enhance workplace performance.,36.01,"Use common office accounting terminology and procedures in solving legal problems (e.g., computations for legal documents, depositing funds, firm and trust bank accounts, activity registers and time sheets, writing checks and stopping payment, using bank drafts, cashier's checks and personal checks).",,3,Apply,performance,false,false,law-legal; math; legal-office,,,,,,2.8,5.25
8918060,Certified Legal Assistant,36.0,Apply office accounting strategies to commonly occurring situations in the legal workplace to accomplish job objectives and enhance workplace performance.,36.02,"Follow accepted rules, regulations and policies for office accounting.",,3,Apply,knowledge,false,false,legal-office,,,,,,1.2,2.25
8918060,Certified Legal Assistant,37.0,"Incorporate appropriate leadership and supervision techniques, customer service strategies, and standards of personal ethics to accomplish job objectives and enhance workplace performance.",37.01,"Demonstrate an awareness of quality service and the personal and professional standards required to establish an effective service-based culture in the workplace, business, or learning environment.",,3,Apply,performance,false,false,,,,,,,2.5,4.75
8918060,Certified Legal Assistant,37.0,"Incorporate appropriate leadership and supervision techniques, customer service strategies, and standards of personal ethics to accomplish job objectives and enhance workplace performance.",37.02,"Identify, analyze and implement managerial skills necessary for maintaining a high-quality work environment, goals, and strategic planning in business settings.",,4,Analyze,knowledge,false,false,ctso,,,,,,1.4,2.75
8918060,Certified Legal Assistant,37.0,"Incorporate appropriate leadership and supervision techniques, customer service strategies, and standards of personal ethics to accomplish job objectives and enhance workplace performance.",37.03,"Follow accepted rules, regulations, policies, procedures, processes, and workplace safety.",,3,Apply,knowledge,false,false,,,,,,,1.2,2.25
8918060,Certified Legal Assistant,38.0,Demonstrate employability skills.,38.01,Identify sources of information regarding employment opportunities for legal professionals.,,1,Remember,knowledge,false,false,law-legal; employability; legal-office,,,,,,1.2,2.25
8918060,Certified Legal Assistant,38.0,Demonstrate employability skills.,38.02,Identify advanced legal professional career and training opportunities.,,1,Remember,knowledge,false,false,law-legal; employability; legal-office,,,,,,1.2,2.25
8918060,Certified Legal Assistant,38.0,Demonstrate employability skills.,38.03,"Conduct a job search and identify the training, experience, and other qualifications required for different positions.",,3,Apply,performance,false,false,employability,,,,,8918010:08.03,2.3,4.5
8918060,Certified Legal Assistant,38.0,Demonstrate employability skills.,38.04,"Identify the interpersonal skills, work habits, and ethics necessary for ongoing employment in an environment of human diversity.",,1,Remember,knowledge,false,false,communication; diversity; ethics; employability,,,,,8918010:08.04,1.3,2.5
8918060,Certified Legal Assistant,38.0,Demonstrate employability skills.,38.05,Secure information about a particular job.,,3,Apply,performance,false,false,employability,,,,,8918010:08.06,2.1,4
8918060,Certified Legal Assistant,38.0,Demonstrate employability skills.,38.06,Complete a job resume.,,3,Apply,performance,false,false,employability,,,,,,2.1,4
8918060,Certified Legal Assistant,38.0,Demonstrate employability skills.,38.07,Complete a job application.,,3,Apply,performance,false,false,employability,,,,,8918010:08.08,2.1,4
8918060,Certified Legal Assistant,38.0,Demonstrate employability skills.,38.08,Apply effective job interview techniques.,,3,Apply,performance,false,false,communication; employability,,,,,8918010:08.09,2.1,4
8918070,Code Enforcement,28.0,Demonstrate proper report writing techniques.,28.01,Prepare written reports,"  - Identify the ""who-what-when-where-why-how"" elements of a report. |   - Describe and demonstrate interviewing a person. |   - Describe and demonstrate accurate note taking. |   - Describe the purpose of different types of reports. |   - Create a factual report with accuracy, completeness, conciseness, objectivity, and clarity and use proper grammar, spelling, punctuation, and legibility. |   - Describe and demonstrate organizing information for a report. |   - Describe and demonstrate mechanics of a report. |   - Describe and demonstrate the elements and principles of effective report writing. |   - Describe and demonstrate evaluating a report prior to submission. |   - Identify and locate state statutes as they pertain to situations being reported. |   - Define and write a code violation.",3,Apply,performance,false,false,report-writing; law-legal; communication; code-enforcement,,,,,,5,12.75
8918070,Code Enforcement,29.0,Examine the administrative aspects of code enforcement.,29.01,Manager's Role in Code Enforcement.,  - Describe how to respond to complaints of violations of county codes. |   - Describe how to conduct staff conferences to discuss policies and procedures. |   - Describe hiring and discipline procedures.,3,Apply,performance,false,false,ethics; code-enforcement,,,,,,3.3,8.5
8918070,Code Enforcement,29.0,Examine the administrative aspects of code enforcement.,29.02,Media Relations.,"  - Understand Chapter 119, F.S. Public Records. |   - Describe and demonstrate the elements of a press release. |   - Understand the importance of media relations.",3,Apply,performance,false,false,law-legal; public-relations,"119, F.S.",,,,,3.2,8.25
8918070,Code Enforcement,29.0,Examine the administrative aspects of code enforcement.,29.03,Records Management.,"  - Identify elements of code enforcement software. |   - Demonstrate maintaining records, scheduling, issuing notices, and tracking violations.",3,Apply,performance,false,false,technology; code-enforcement; time-management,,,,,,2.9,7.5
8918070,Code Enforcement,29.0,Examine the administrative aspects of code enforcement.,29.04,Employment Laws.,  - Understand the Fair Labor Standards Act (FLSA).,2,Understand,knowledge,false,false,employability,,,,FLSA,,1.4,3.5
8918070,Code Enforcement,29.0,Examine the administrative aspects of code enforcement.,29.05,Performance Management.,  - Define performance management as a tool to define organizational goals.,1,Remember,knowledge,false,false,ctso,,,,,,1.5,3.75
8918070,Code Enforcement,29.0,Examine the administrative aspects of code enforcement.,29.06,Stress Management.,  - Define stress |   - Identify stress unique to code enforcement. |   - Identify signs and symptoms of stress. |   - Identify techniques of stress management. |   - Understand the importance of health and wellness.,2,Understand,knowledge,false,false,code-enforcement; safety-wellness,,,,,,2.8,7.25
8918070,Code Enforcement,29.0,Examine the administrative aspects of code enforcement.,29.07,Time Management.,  - Define time management. |   - Identify time management tools. |   - Understand prioritization and scheduling. |   - Identify goal setting. |   - Understand self-motivation skills as it relates to time management.,2,Understand,knowledge,false,false,time-management,,,,,,2.8,7.25
8918070,Code Enforcement,29.0,Examine the administrative aspects of code enforcement.,29.08,Public Speaking.,  - Understand how to present a code violation |   - Identify the stated purpose of the violation |   - Understand how to arrange the material and summarize the main point |   - Identify the barriers to good communication skills,2,Understand,knowledge,false,false,communication; code-enforcement,,,,,,2.6,6.75
8918070,Code Enforcement,30.0,Describe legal issues as it pertains to code enforcement.,30.01,Case Development.,  - Understand how to initiate and investigate a code enforcement violation. |   - Demonstrate how to professionally write a code violation citation.,4,Analyze,performance,false,false,investigations; code-enforcement,,,,,,2.9,7.5
8918070,Code Enforcement,30.0,Describe legal issues as it pertains to code enforcement.,30.02,Special Issues.,"  - Identify repeat violations. |   - Understand right of entry to private property. |   - Understand fines, forfeitures, and recovery costs.",2,Understand,knowledge,false,false,code-enforcement,,,,,,2.1,5.25
8918070,Code Enforcement,30.0,Describe legal issues as it pertains to code enforcement.,30.03,Code Enforcement Board.,"  - Understand Chapter 162, F.S. |   - Define: |     - Local government code enforcement boards; organizations |     - Enforcement procedures |     - Conducting a hearing |     - Powers of enforcement |     - Administrative fines; cost of repair; liens |     - Appeals",2,Understand,knowledge,false,false,courts-testimony; law-legal; code-enforcement,"162, F.S.",,,,,3.6,9.25
8918070,Code Enforcement,30.0,Describe legal issues as it pertains to code enforcement.,30.04,Mock Code Board Hearing.,  - Conduct a mock code board hearing.,3,Apply,performance,false,true,courts-testimony; code-enforcement,,,,,,2.9,7.5
8918070,Code Enforcement,30.0,Describe legal issues as it pertains to code enforcement.,30.05,Evidentiary Issues.,  - Identify the chain of custody for evidence. |   - Explain how photographic evidence is submitted.,2,Understand,knowledge,false,false,use-of-force; crime-scene,,,,,,1.8,4.5
8918070,Code Enforcement,30.0,Describe legal issues as it pertains to code enforcement.,30.06,Local Government Ordinances.,  - Identify the commonly used ordinances and how they affect the community.,1,Remember,knowledge,false,false,law-legal,,,,,,1.5,3.75
8918070,Code Enforcement,30.0,Describe legal issues as it pertains to code enforcement.,30.07,Other Legal Options.,  - Explain all the options available to the code enforcement officer and board.,2,Understand,knowledge,false,false,law-legal; code-enforcement,,,,,,1.5,3.75
8918070,Code Enforcement,30.0,Describe legal issues as it pertains to code enforcement.,30.08,Mock Citation Trial.,  - Conduct a mock citation trial.,3,Apply,performance,false,true,courts-testimony,,,,,,2.9,7.5
8918070,Code Enforcement,30.0,Describe legal issues as it pertains to code enforcement.,30.09,Testifying and Demeanor.,  - Describe how to prepare for court testimony. |   - Prepare a code enforcement case for trial.,3,Apply,performance,false,false,courts-testimony; code-enforcement,,,,,,2.8,7.25
8918070,Code Enforcement,31.0,Demonstrate an awareness of Officer Safety and Field Applications.,31.01,Presence and Stance.,  - Demonstrate command presence. |   - Explain body language for a code enforcement officer.,3,Apply,performance,false,false,communication; ethics; code-enforcement,,,,,,2.8,7.25
8918070,Code Enforcement,31.0,Demonstrate an awareness of Officer Safety and Field Applications.,31.02,Practical Application Skills.,  - Demonstrate a mock code enforcement violation. |   - Demonstrate a response to a conflict with a violator. |   - Demonstrate verbal conflict resolution skills.,3,Apply,performance,false,true,code-enforcement,,,,,,3.7,9.5
8918070,Code Enforcement,31.0,Demonstrate an awareness of Officer Safety and Field Applications.,31.03,Human Diversity and Culture.,  - Understand human diversity and how it affects interactions.,2,Understand,knowledge,false,false,diversity,,,,,,1.5,3.75
8918070,Code Enforcement,31.0,Demonstrate an awareness of Officer Safety and Field Applications.,31.04,Dealing with Persons with Special Concerns.,  - Explain the difficulties dealing with our older population. |   - Explain how to interact with violator with disabilities.,2,Understand,knowledge,false,false,diversity,,,,,,1.9,4.75
8918070,Code Enforcement,31.0,Demonstrate an awareness of Officer Safety and Field Applications.,31.05,Substance Abuse.,  - Understand the signs of substance violations to include: identifying marijuana and equipment used in clandestine labs.,2,Understand,knowledge,false,false,safety-wellness,,,,,,1.6,4
8918070,Code Enforcement,31.0,Demonstrate an awareness of Officer Safety and Field Applications.,31.06,Officer Survival Considerations.,  - Explain fight or flight.,2,Understand,knowledge,false,false,safety-wellness,,,,,,1.4,3.5
8918070,Code Enforcement,31.0,Demonstrate an awareness of Officer Safety and Field Applications.,31.07,Animal Encounter Issues.,  - Understand aggressive animals and the signs.,2,Understand,knowledge,false,false,safety-wellness,,,,,,1.4,3.5
8918070,Code Enforcement,31.0,Demonstrate an awareness of Officer Safety and Field Applications.,31.08,Hazardous Materials/Situations and Incident Command.,"  - Understand the signs of hazardous materials. |   - Identify hazardous materials in businesses and residences. |   - Explain the Incident Command Structure to include ICS 100, 700.",2,Understand,knowledge,false,false,safety-wellness,,,,ICS 100/700,,2.3,5.75
8918070,Code Enforcement,31.0,Demonstrate an awareness of Officer Safety and Field Applications.,31.09,Defensive Tactics.,  - Demonstrate tactics to defend yourself and cause a pause in combat.,5,Evaluate,performance,false,false,use-of-force,,,,,,2.5,6.5
