course_number,course_title,standard_id,standard_text,benchmark_id,benchmark_text,bullets,cognitive_level,cognitive_label,modality,optional,mock_activity,topics,statutes,rules,cases,named_references,repeats_in,weight,suggested_periods
8607110,Public Service Leadership,16.0,Identify leadership traits and qualities as they appear in different individuals and situations.,16.01,"Identify characteristics that empower an individual to be a proficient, creative problem solver.",,1,Remember,knowledge,false,false,problem-solving,,,,,,1.2,1
8607110,Public Service Leadership,16.0,Identify leadership traits and qualities as they appear in different individuals and situations.,16.02,Recognize and emulate effective implementation of creative problem-solving skills.,,1,Remember,knowledge,false,false,problem-solving,,,,,,1.2,1
8607110,Public Service Leadership,16.0,Identify leadership traits and qualities as they appear in different individuals and situations.,16.03,Simulate a creative problem-solving encounter with a diverse group of individuals.,,2,Understand,knowledge,false,false,problem-solving; diversity,,,,,,1.2,1
8607110,Public Service Leadership,16.0,Identify leadership traits and qualities as they appear in different individuals and situations.,16.04,Analyze the productivity of the group's response to the problem following the conclusion of a creative problem-solving experience.,,4,Analyze,knowledge,false,false,problem-solving,,,,,,1.3,1.25
8607110,Public Service Leadership,16.0,Identify leadership traits and qualities as they appear in different individuals and situations.,16.05,Display flexibility when incorporating individual beliefs and values toward goal attainment.,,3,Apply,knowledge,false,false,diversity,,,,,,1.2,1
8607110,Public Service Leadership,16.0,Identify leadership traits and qualities as they appear in different individuals and situations.,16.06,Analyze diverse leadership styles of outstanding leaders and evaluate the impact to one's own personal leadership skills.,,4,Analyze,knowledge,false,false,leadership; diversity,,,,,,1.3,1.25
8607110,Public Service Leadership,16.0,Identify leadership traits and qualities as they appear in different individuals and situations.,16.07,Implement conflict management and resolution techniques to bring about positive change.,,2,Understand,knowledge,false,false,problem-solving,,,,,,1.2,1
8607110,Public Service Leadership,16.0,Identify leadership traits and qualities as they appear in different individuals and situations.,16.08,Reflect upon the effectiveness of conflict management and resolution techniques used to develop strategies for future group problem solving.,,2,Understand,knowledge,false,false,problem-solving,,,,,,1.4,1.25
8607110,Public Service Leadership,17.0,Explore civic dispositions in public service leadership.,17.01,Interpret the thought and practice of republicanism and liberalism expressed in the Declaration of Independence and through self-government.,,2,Understand,knowledge,false,false,civic-dispositions; founding-documents,,,,,,1.4,1.25
8607110,Public Service Leadership,17.0,Explore civic dispositions in public service leadership.,17.02,Examine the philosophical and practical underpinnings of the United States.,,4,Analyze,knowledge,false,false,,,,,,,1.2,1
8607110,Public Service Leadership,17.0,Explore civic dispositions in public service leadership.,17.03,Assess the conditions necessary for promoting freedom and self-government in a constitutional republic.,,5,Evaluate,knowledge,false,false,civic-dispositions; founding-documents,,,,,,1.3,1.25
8607110,Public Service Leadership,17.0,Explore civic dispositions in public service leadership.,17.04,Explore the Founders' thoughts in various public policy areas and their concern about and attempts to avoid the rise of partisanship in American politics.,,2,Understand,knowledge,false,false,civic-dispositions; elections-policy,,,,,,1.4,1.25
8607110,Public Service Leadership,17.0,Explore civic dispositions in public service leadership.,17.05,Apply enhanced public service leadership and professional career skills.,,3,Apply,performance,false,false,leadership; ethics; career-planning,,,,,,2.2,2
8607110,Public Service Leadership,18.0,Manifest significant leadership skills and organize group(s) to achieve project goals.,18.01,Demonstrate the ability to convey to group members good decision-making skills.,,3,Apply,performance,false,false,problem-solving,,,,,,2.2,2
8607110,Public Service Leadership,18.0,Manifest significant leadership skills and organize group(s) to achieve project goals.,18.02,Stimulate group discussion and decision making by asking appropriate questions.,,2,Understand,knowledge,false,false,communication; problem-solving; meetings,,,,,,1.2,1
8607110,Public Service Leadership,18.0,Manifest significant leadership skills and organize group(s) to achieve project goals.,18.03,Direct the group through an analysis and synthesis of the final solution to the achievement of a project goal.,,2,Understand,knowledge,false,false,project-management; problem-solving,,,,,,1.3,1.25
8607110,Public Service Leadership,18.0,Manifest significant leadership skills and organize group(s) to achieve project goals.,18.04,"Convey information, concepts, and ideas using appropriate and advanced techniques.",,2,Understand,knowledge,false,false,,,,,,,1.2,1
8607110,Public Service Leadership,18.0,Manifest significant leadership skills and organize group(s) to achieve project goals.,18.05,"Show an awareness of the experiences, needs, and concerns of others in the communication process.",,2,Understand,knowledge,false,false,communication,,,,,,1.2,1
8607110,Public Service Leadership,18.0,Manifest significant leadership skills and organize group(s) to achieve project goals.,18.06,"Analyze and synthesize the presentation skills necessary to communicate ideas, information, concerns, and solutions to a project goal.",,4,Analyze,knowledge,false,false,communication; research; project-management; problem-solving,,,,,,1.3,1.25
8607110,Public Service Leadership,18.0,Manifest significant leadership skills and organize group(s) to achieve project goals.,18.07,Integrate information systems in the problem-solving process.,,3,Apply,performance,false,false,problem-solving,,,,,,2.2,2
8607110,Public Service Leadership,18.0,Manifest significant leadership skills and organize group(s) to achieve project goals.,18.08,Use information systems to identify and analyze trends and events in order to forecast future implications.,,4,Analyze,performance,false,false,,,,,,,2.3,2
8607110,Public Service Leadership,18.0,Manifest significant leadership skills and organize group(s) to achieve project goals.,18.09,Recognize positive interdependence as a basic tenet.,,1,Remember,knowledge,false,false,,,,,,,1.1,1
8607110,Public Service Leadership,18.0,Manifest significant leadership skills and organize group(s) to achieve project goals.,18.10,"Demonstrate the ability to work with peers from a variety of cultures and ability levels respecting individual strengths, talents, and learning styles.",,3,Apply,performance,false,false,diversity,,,,,,2.4,2
8607110,Public Service Leadership,18.0,Manifest significant leadership skills and organize group(s) to achieve project goals.,18.11,Display flexibility in the incorporation of individual beliefs and values in the completion of a goal while recognizing the diversity of group members.,,3,Apply,knowledge,false,false,diversity,,,,,,1.4,1.25
8607110,Public Service Leadership,19.0,Assess the skills and expertise needed for effective public leadership.,19.01,Demonstrate expertise in a specific occupation contained within the public service sector.,,3,Apply,performance,false,false,,,,,,,2.2,2
8607110,Public Service Leadership,19.0,Assess the skills and expertise needed for effective public leadership.,19.02,Explore higher order critical thinking and reasoning skills appropriate for public service leadership.,,2,Understand,knowledge,false,false,leadership; problem-solving,,,,,8607140:65.01,1.3,1.25
8607110,Public Service Leadership,20.0,Demonstrate proficiency with information technology tools.,20.01,Utilize word processing to develop written artifacts.,,6,Create,performance,false,false,technology,,,,,8607120:27.01,2.1,1.75
8607110,Public Service Leadership,20.0,Demonstrate proficiency with information technology tools.,20.02,Develop reports and/or exhibits using presentation slides,,6,Create,performance,false,false,communication; technology,,,,,8607120:27.02,2.1,1.75
8607110,Public Service Leadership,20.0,Demonstrate proficiency with information technology tools.,20.03,Create information and data reports focusing using spreadsheets,,6,Create,performance,false,false,technology,,,,,8607120:27.03,2.2,2
8607110,Public Service Leadership,21.0,Apply problem solving techniques used by public leaders.,21.01,Identify the tools of public leadership information gathering.,,1,Remember,knowledge,false,false,leadership; information-gathering,,,,,,1.2,1
8607110,Public Service Leadership,21.0,Apply problem solving techniques used by public leaders.,21.02,Outline techniques of public leadership information gathering.,,4,Analyze,knowledge,false,false,leadership; information-gathering,,,,,,1.2,1
8607110,Public Service Leadership,21.0,Apply problem solving techniques used by public leaders.,21.03,Identify the required elements of an effective meeting.,,1,Remember,knowledge,false,false,meetings,,,,,,1.1,1
8607110,Public Service Leadership,21.0,Apply problem solving techniques used by public leaders.,21.04,Describe how meeting elements are used to engage in public leadership.,,2,Understand,knowledge,false,false,leadership; meetings,,,,,,1.2,1
8607110,Public Service Leadership,22.0,Utilize active learning techniques to foster public service leadership skills.,22.01,Demonstrate the roles and responsibilities of public leaders and how public service leadership is experienced within government institutions and non-profit organizations.,,3,Apply,performance,false,false,leadership; project-roles; ethics,,,,,,2.4,2
8607110,Public Service Leadership,22.0,Utilize active learning techniques to foster public service leadership skills.,22.02,"Analyze the traits and qualities of an effective public servant focusing on how public servants perceive their roles and responsibilities within government agencies and non-profit organizations, emphasizing the concept of ""servant-leadership"".",,4,Analyze,knowledge,false,false,leadership; project-roles; ethics,,,,,,1.6,1.5
8607110,Public Service Leadership,22.0,Utilize active learning techniques to foster public service leadership skills.,22.03,"Summarize the factors impacting the relationship between public service leaders and the public including how individuals and groups interact with public service and non-profit leaders, and how government and non-government agencies are affected by their interaction with public service and non-profit leaders as well.",,2,Understand,knowledge,false,false,leadership,,,,,,1.8,1.5
8607110,Public Service Leadership,22.0,Utilize active learning techniques to foster public service leadership skills.,22.04,Outline the skills that public leaders should possess to achieve their project goals and to bring about positive change focusing on decision making approaches emphasizing effective communication and presentation skills.,,4,Analyze,knowledge,false,false,leadership; communication; project-management; problem-solving,,,,,,1.5,1.25
8607110,Public Service Leadership,22.0,Utilize active learning techniques to foster public service leadership skills.,22.05,"Analyze the interaction between citizenship and participation and how public service and non-profit leaders recognize the role that citizens and communities play in group settings, including, but not limited to, public and non-profit decision-making.",,4,Analyze,knowledge,false,false,leadership; civic-dispositions; problem-solving,,,,,,1.6,1.5
8607110,Public Service Leadership,23.0,"Demonstrate an understanding of the origins and purposes of government, law and the American political system.",23.01,Analyze how the ideals and principles expressed in the founding documents shape America as a constitutional republic.,,4,Analyze,knowledge,false,false,founding-documents,,,,,8607120:35.04; 8607140:69.01,1.3,1.25
8607110,Public Service Leadership,23.0,"Demonstrate an understanding of the origins and purposes of government, law and the American political system.",23.02,"Explain how the U.S. Constitution and its amendments uphold the following political principles: checks and balances, consent of the governed, democracy, due process of law, federalism, individual rights, limited government, representative government, republicanism, rule of law and separation of powers.",,2,Understand,knowledge,false,false,civic-dispositions; founding-documents; government-structure,,,,,8607120:35.05; 8607130:60.01; 8607140:69.02,1.8,1.5
8607110,Public Service Leadership,24.0,"Evaluate the roles, rights and responsibilities of U.S. citizens and determine methods of active participation in society, government and the political system.",24.01,Explain the constitutional provisions that establish and affect citizenship.,,2,Understand,knowledge,false,false,civic-dispositions,,,,,8607120:36.03; 8607140:70.01,1.2,1
8607110,Public Service Leadership,24.0,"Evaluate the roles, rights and responsibilities of U.S. citizens and determine methods of active participation in society, government and the political system.",24.02,Explain the importance of political and civic participation to the success of the United States' constitutional republic.,,2,Understand,knowledge,false,false,civic-dispositions; founding-documents,,,,,8607120:36.04; 8607140:70.02,1.3,1.25
8607110,Public Service Leadership,24.0,"Evaluate the roles, rights and responsibilities of U.S. citizens and determine methods of active participation in society, government and the political system.",24.03,"Explain the responsibilities of citizens at the local, state and national levels.",,2,Understand,knowledge,false,false,civic-dispositions; state-local; ethics,,,,,8607120:36.05; 8607140:70.03,1.2,1
8607110,Public Service Leadership,24.0,"Evaluate the roles, rights and responsibilities of U.S. citizens and determine methods of active participation in society, government and the political system.",24.04,"Evaluate, take and defend objective, evidence-based positions on issues that cause the government to balance the interests of individuals with the public good.",,5,Evaluate,performance,false,false,civic-dispositions,,,,,8607120:36.06; 8607140:70.04,2.4,2
8607110,Public Service Leadership,24.0,"Evaluate the roles, rights and responsibilities of U.S. citizens and determine methods of active participation in society, government and the political system.",24.05,Explain how the principles contained in foundational documents contributed to the expansion of civil rights and liberties over time.,,2,Understand,knowledge,false,false,,,,,,8607120:36.07; 8607140:70.05,1.3,1.25
8607110,Public Service Leadership,24.0,"Evaluate the roles, rights and responsibilities of U.S. citizens and determine methods of active participation in society, government and the political system.",24.06,Analyze the impact of civic engagement as a means of preserving or reforming institutions.,,4,Analyze,knowledge,false,false,civic-dispositions,,,,,8607120:36.08; 8607130:61.01; 8607140:70.06,1.2,1
8607110,Public Service Leadership,24.0,"Evaluate the roles, rights and responsibilities of U.S. citizens and determine methods of active participation in society, government and the political system.",24.07,"Explain the impact of political parties, interest groups, media and individuals on determining and shaping public policy.",,2,Understand,knowledge,false,false,elections-policy; media-literacy,,,,,8607120:36.09; 8607130:61.02; 8607140:70.07,1.3,1.25
8607110,Public Service Leadership,24.0,"Evaluate the roles, rights and responsibilities of U.S. citizens and determine methods of active participation in society, government and the political system.",24.08,Explain the process and procedures of elections at the state and national levels.,,3,Apply,performance,false,false,elections-policy,,,,,8607120:36.10; 8607130:61.03; 8607140:70.08,2.2,2
8607110,Public Service Leadership,24.0,"Evaluate the roles, rights and responsibilities of U.S. citizens and determine methods of active participation in society, government and the political system.",24.09,"Evaluate political communication for bias, factual accuracy, omission and emotional appeal.",,5,Evaluate,knowledge,false,false,media-literacy; communication,,,,,8607120:36.11; 8607140:70.09,1.2,1
8607110,Public Service Leadership,24.0,"Evaluate the roles, rights and responsibilities of U.S. citizens and determine methods of active participation in society, government and the political system.",24.10,"Explain how interest groups, the media and public opinion influence local, state and national decision-making related to public issues.",,2,Understand,knowledge,false,false,state-local; elections-policy; media-literacy; problem-solving,,,,,8607120:36.12; 8607130:61.04; 8607140:70.10,1.3,1.25
8607110,Public Service Leadership,25.0,"Demonstrate an understanding of the principles, functions and organization of government.",25.01,"Examine Congress, congressional power, and how the legislative process operates today, drawing comparisons between the intentions of the Founders in the Constitution and Progressive departures therefrom.",,4,Analyze,knowledge,false,false,civic-dispositions; government-structure,,,,,,1.5,1.25
8607110,Public Service Leadership,25.0,"Demonstrate an understanding of the principles, functions and organization of government.",25.02,"Illustrate how the executive power and how the presidency is structured, how it has changed through American history, and how it functions today.",,2,Understand,knowledge,false,false,government-structure,,,,,,1.4,1.25
8607110,Public Service Leadership,25.0,"Demonstrate an understanding of the principles, functions and organization of government.",25.03,Assess the federal bureaucracy and the administrative state that have arisen since the Progressive era.,,5,Evaluate,knowledge,false,false,government-structure,,,,,,1.3,1.25
8607110,Public Service Leadership,25.0,"Demonstrate an understanding of the principles, functions and organization of government.",25.04,"Observe how the federal bureaucracy and the administrative state function within government, and how their existence is contrary to the principles of the Founders.",,2,Understand,knowledge,false,false,civic-dispositions; government-structure,,,,,,1.4,1.25
8607110,Public Service Leadership,25.0,"Demonstrate an understanding of the principles, functions and organization of government.",25.05,"Describe the state and local governments in which they are represented, as well as some of the principles and history undergirding these governing institutions in the United States.",,2,Understand,knowledge,false,false,state-local,,,,,,1.5,1.25
8607110,Public Service Leadership,25.0,"Demonstrate an understanding of the principles, functions and organization of government.",25.06,"Examine social and economic policy within the United States-including the various fields of social and economic policy, the branches of government, bureaucratic agencies, and interests involved in such policy decisions-and a broad overview of the types of contested issues in these fields that have emerged in the country's history to the present day.",,4,Analyze,knowledge,false,false,government-structure; elections-policy; problem-solving; economics,,,,,,1.9,1.75
8607110,Public Service Leadership,25.0,"Demonstrate an understanding of the principles, functions and organization of government.",25.07,Explain how the U.S. Constitution safeguards and limits individual rights.,,2,Understand,knowledge,false,false,founding-documents,,,,,8607120:37.01; 8607140:71.01,1.2,1
8607110,Public Service Leadership,25.0,"Demonstrate an understanding of the principles, functions and organization of government.",25.08,"Analyze the structures, functions and processes of the legislative branch as described in Article I of the U.S. Constitution.",,4,Analyze,knowledge,false,false,founding-documents; government-structure,,,,,8607110:25.09; 8607110:25.12; 8607120:37.02; 8607120:37.03; 8607120:37.06; 8607130:62.01; 8607130:62.02; 8607130:62.04; 8607140:71.02; 8607140:71.03; 8607140:71.06,1.3,1.25
8607110,Public Service Leadership,25.0,"Demonstrate an understanding of the principles, functions and organization of government.",25.09,"Analyze the structures, functions and processes of the executive branch as described in Article II of the U.S. Constitution.",,4,Analyze,knowledge,false,false,founding-documents; government-structure,,,,,8607110:25.08; 8607110:25.12; 8607120:37.02; 8607120:37.03; 8607120:37.06; 8607130:62.01; 8607130:62.02; 8607130:62.04; 8607140:71.02; 8607140:71.03; 8607140:71.06,1.3,1.25
8607110,Public Service Leadership,25.0,"Demonstrate an understanding of the principles, functions and organization of government.",25.10,Describe how independent regulatory agencies interact with the three branches of government and with citizens.,,2,Understand,knowledge,false,false,civic-dispositions; government-structure,,,,,8607120:37.04; 8607130:62.03; 8607140:71.04,1.3,1.25
8607110,Public Service Leadership,25.0,"Demonstrate an understanding of the principles, functions and organization of government.",25.11,"Explain expressed, implied, concurrent and reserved powers in the U.S. Constitution.",,2,Understand,knowledge,false,false,founding-documents; government-structure,,,,,8607120:37.05; 8607140:71.05,1.2,1
8607110,Public Service Leadership,25.0,"Demonstrate an understanding of the principles, functions and organization of government.",25.12,"Analyze the structures, functions and processes of the judicial branch as described in Article III of the U.S. Constitution.",,4,Analyze,knowledge,false,false,founding-documents; government-structure,,,,,8607110:25.08; 8607110:25.09; 8607120:37.02; 8607120:37.03; 8607120:37.06; 8607130:62.01; 8607130:62.02; 8607130:62.04; 8607140:71.02; 8607140:71.03; 8607140:71.06,1.3,1.25
8607110,Public Service Leadership,25.0,"Demonstrate an understanding of the principles, functions and organization of government.",25.13,Analyze the concept of federalism in the United States and its role in establishing the relationship between the state and national governments.,,4,Analyze,knowledge,false,false,government-structure,,,,,8607120:37.08; 8607130:62.05; 8607140:71.07,1.4,1.25
8607110,Public Service Leadership,25.0,"Demonstrate an understanding of the principles, functions and organization of government.",25.14,"Explain how issues between Florida, other states and the national government are resolved.",,2,Understand,knowledge,false,false,state-local,,,,,8607120:37.09; 8607130:62.06; 8607140:71.08,1.2,1
8607110,Public Service Leadership,25.0,"Demonstrate an understanding of the principles, functions and organization of government.",25.15,"Explain how citizens are affected by the local, state and national governments.",,2,Understand,knowledge,false,false,civic-dispositions; state-local,,,,,8607120:37.10; 8607130:62.07; 8607140:71.09,1.2,1
8607120,Public Service Communication,26.0,Demonstrate the ability to use interpersonal-communication skills to enhance civic dispositions in public service communication.,26.01,"Explain skills needed to communicate effectively with family, peers, and others to enhance health.",,2,Understand,knowledge,false,false,communication,,,,,,1.2,1
8607120,Public Service Communication,26.0,Demonstrate the ability to use interpersonal-communication skills to enhance civic dispositions in public service communication.,26.02,Adapt civic health messages and communication techniques to a specific target audience.,,2,Understand,knowledge,false,false,civic-dispositions; communication; diversity,,,,,,1.2,1
8607120,Public Service Communication,27.0,Demonstrate proficiency with information technology and communication tools.,27.01,Utilize word processing to develop written artifacts.,,6,Create,performance,false,false,technology,,,,,8607110:20.01,2.1,1.75
8607120,Public Service Communication,27.0,Demonstrate proficiency with information technology and communication tools.,27.02,Develop reports and/or exhibits using presentation slides.,,6,Create,performance,false,false,communication; technology,,,,,8607110:20.02,2.1,1.75
8607120,Public Service Communication,27.0,Demonstrate proficiency with information technology and communication tools.,27.03,Create information and data reports focusing using spreadsheets.,,6,Create,performance,false,false,technology,,,,,8607110:20.03,2.2,1.75
8607120,Public Service Communication,27.0,Demonstrate proficiency with information technology and communication tools.,27.04,Describe and demonstrate ethical and responsible use of modern communication media and devices.,,3,Apply,performance,false,false,media-literacy; communication; technology; ethics,,,,,,2.2,1.75
8607120,Public Service Communication,27.0,Demonstrate proficiency with information technology and communication tools.,27.05,Evaluate modes of communication and collaboration.,,5,Evaluate,knowledge,false,false,communication; project-roles,,,,,,1.1,1
8607120,Public Service Communication,27.0,Demonstrate proficiency with information technology and communication tools.,27.06,"Explain the elements of the communication process-speaker, listener, message, feedback-and identify situations when communication breakdowns occur.",,2,Understand,knowledge,false,false,communication,,,,,,1.4,1.25
8607120,Public Service Communication,27.0,Demonstrate proficiency with information technology and communication tools.,27.07,"Communicate with others in ways appropriate for the relationship, such as peers, authority figures in the school and community, and employers.",,2,Understand,knowledge,false,false,state-local; communication; employability,,,,,,1.4,1.25
8607120,Public Service Communication,28.0,Illustrate ELA expectations.,28.01,Cite evidence to explain and justify reasoning.,,5,Evaluate,knowledge,false,false,reading-analysis,,,,,8607140:68.01,1.1,1
8607120,Public Service Communication,28.0,Illustrate ELA expectations.,28.02,Read and comprehend grade-level complex texts proficiently.,,2,Understand,knowledge,false,false,reading-analysis,,,,,8607140:68.02,1.1,1
8607120,Public Service Communication,28.0,Illustrate ELA expectations.,28.03,Make inferences to support comprehension.,,3,Apply,performance,false,false,reading-analysis,,,,,8607140:68.03,2.1,1.75
8607120,Public Service Communication,28.0,Illustrate ELA expectations.,28.04,Use appropriate collaborative techniques and active listening skills when engaging in discussions in a variety of situations.,,3,Apply,performance,false,false,communication; project-roles,,,,,8607140:68.04,2.3,2
8607120,Public Service Communication,28.0,Illustrate ELA expectations.,28.05,Use the accepted rules governing a specific format to create quality work.,,3,Apply,performance,false,false,,,,,,8607140:68.05,2.2,1.75
8607120,Public Service Communication,28.0,Illustrate ELA expectations.,28.06,Use appropriate voice and tone when speaking or writing.,,3,Apply,performance,false,false,communication; writing,,,,,8607140:68.06,2.1,1.75
8607120,Public Service Communication,28.0,Illustrate ELA expectations.,28.07,"Present information orally, with a logical organization, coherent focus, and credible evidence while employing effective rhetorical devices where appropriate.",,2,Understand,knowledge,false,false,communication,,,,,,1.4,1.25
8607120,Public Service Communication,29.0,Communicate through writing.,29.01,"Write to argue a position, supporting claims using logical reasoning and credible evidence from multiple sources, rebutting counterclaims with relevant evidence, using a logical organizational structure, elaboration, purposeful transitions, and a tone appropriate to the task.",,3,Apply,performance,false,false,writing; research,,,,,8607140:63.02,2.7,2.25
8607120,Public Service Communication,29.0,Communicate through writing.,29.02,"Improve writing by considering feedback from adults, peers, and/or online editing tools, revising for clarity and cohesiveness.",,2,Understand,knowledge,false,false,writing,,,,,,1.3,1
8607120,Public Service Communication,29.0,Communicate through writing.,29.03,"Write arguments to support claims based on an in-depth analysis of topics or texts using valid reasoning and credible evidence from sources, elaboration, and demonstrating a thorough understanding of the subject.",,3,Apply,performance,false,false,writing; research,,,,,,2.5,2
8607120,Public Service Communication,30.0,Analyze informational text.,30.01,"Follow the rules of standard English grammar, punctuation, capitalization, and spelling appropriate to grade level.",,3,Apply,knowledge,false,false,writing,,,,,,1.3,1
8607120,Public Service Communication,30.0,Analyze informational text.,30.02,Evaluate the support an author uses to develop the central idea(s) throughout a text.,,6,Create,performance,false,false,reading-analysis,,,,,8607140:64.01,2.2,1.75
8607120,Public Service Communication,30.0,Analyze informational text.,30.03,Analyze how an author establishes and achieves purpose(s) through rhetorical appeals and/or figurative language.,,4,Analyze,knowledge,false,false,communication,,,,,,1.3,1
8607120,Public Service Communication,30.0,Analyze informational text.,30.04,Analyze the central idea(s) of historical American speeches and essays.,,4,Analyze,knowledge,false,false,writing; reading-analysis,,,,,,1.2,1
8607120,Public Service Communication,30.0,Analyze informational text.,30.05,Analyze an author's choices in establishing and achieving purpose(s) in historical American speeches and essays.,,4,Analyze,knowledge,false,false,writing; reading-analysis,,,,,,1.3,1
8607120,Public Service Communication,30.0,Analyze informational text.,30.06,"Compare the development of two opposing arguments on the same topic, evaluating the effectiveness and validity of the claims, and analyzing the ways in which the authors use the same information to achieve different ends.",,2,Understand,knowledge,false,false,writing,,,,,8607140:64.03,1.6,1.25
8607120,Public Service Communication,31.0,Conduct public communication research.,31.01,"Conduct research to answer a question, drawing on multiple reliable and valid sources, and refining the scope of the question to align with findings.",,3,Apply,performance,false,false,research,,,,,8607140:66.05,2.4,2
8607120,Public Service Communication,32.0,Distinguish communication genres.,32.01,Paraphrase content from grade-level texts.,,2,Understand,knowledge,false,false,reading-analysis,,,,,,1.1,1
8607120,Public Service Communication,32.0,Distinguish communication genres.,32.02,Explain an author's use of rhetoric in a text.,,3,Apply,performance,false,false,communication; reading-analysis,,,,,,2.1,1.75
8607120,Public Service Communication,33.0,Apply communication techniques used in public service contexts.,33.01,List the components of a public service communication plan.,,1,Remember,knowledge,false,false,communication,,,,,,1.1,1
8607120,Public Service Communication,33.0,Apply communication techniques used in public service contexts.,33.02,Describe the components of a public service communication plan.,,2,Understand,knowledge,false,false,communication,,,,,,1.2,1
8607120,Public Service Communication,33.0,Apply communication techniques used in public service contexts.,33.03,Describe the communication tools used for effective public service communication.,,2,Understand,knowledge,false,false,communication,,,,,,1.2,1
8607120,Public Service Communication,33.0,Apply communication techniques used in public service contexts.,33.04,Explain how communication tools are used for effective public service communication,,2,Understand,knowledge,false,false,communication,,,,,,1.2,1
8607120,Public Service Communication,34.0,Utilize active learning techniques to promote public service communication.,34.01,Demonstrate the utilization of interpersonal communication skills in a public service context to enhance civic health and avoid or reduce compromising or limiting civic health.,,3,Apply,performance,false,false,civic-dispositions; communication,,,,,,2.4,2
8607120,Public Service Communication,34.0,Utilize active learning techniques to promote public service communication.,34.02,"Illustrate the ability to advocate for individual, peer, school, family, and community health using public service communication techniques within traditional media outlets and social media platforms.",,2,Understand,knowledge,false,false,state-local; media-literacy; communication,,,,,,1.5,1.25
8607120,Public Service Communication,34.0,Utilize active learning techniques to promote public service communication.,34.03,Promote effective public service communication emphasizing the responsible use of technology and information across traditional media outlets and social media platforms.,,2,Understand,knowledge,false,false,media-literacy; communication; technology; ethics,,,,,,1.4,1.25
8607120,Public Service Communication,34.0,Utilize active learning techniques to promote public service communication.,34.04,Experience communication and collaboration through active participation in the Florida Civics and Debate Initiative and through effective public service communication.,,2,Understand,knowledge,false,false,civic-dispositions; state-local; communication; project-roles,,,,,,1.4,1.25
8607120,Public Service Communication,35.0,"Demonstrate an understanding of the origins and purposes of government, law and the American political system.",35.01,"Examine how intellectual influences in primary documents contributed to the ideas in the Declaration of Independence, the U.S. Constitution and the Bill of Rights.",,4,Analyze,knowledge,false,false,founding-documents,,,,,,1.4,1.25
8607120,Public Service Communication,35.0,"Demonstrate an understanding of the origins and purposes of government, law and the American political system.",35.02,Explain the influence of Enlightenment ideas on the Declaration of Independence.,,2,Understand,knowledge,false,false,founding-documents,,,,,,1.2,1
8607120,Public Service Communication,35.0,"Demonstrate an understanding of the origins and purposes of government, law and the American political system.",35.03,Explain arguments presented in the Federalist Papers in support of ratifying the U.S. Constitution and a republican form of government.,,2,Understand,knowledge,false,false,founding-documents; writing,,,,,,1.3,1
8607120,Public Service Communication,35.0,"Demonstrate an understanding of the origins and purposes of government, law and the American political system.",35.04,Analyze how the ideals and principles expressed in the founding documents shape America as a constitutional republic.,,4,Analyze,knowledge,false,false,founding-documents,,,,,8607110:23.01; 8607140:69.01,1.3,1
8607120,Public Service Communication,35.0,"Demonstrate an understanding of the origins and purposes of government, law and the American political system.",35.05,"Explain how the U.S. Constitution and its amendments uphold the following political principles: checks and balances, consent of the governed, democracy, due process of law, federalism, individual rights, limited government, representative government, republicanism, rule of law and separation of powers.",,2,Understand,knowledge,false,false,civic-dispositions; founding-documents; government-structure,,,,,8607110:23.02; 8607130:60.01; 8607140:69.02,1.8,1.5
8607120,Public Service Communication,36.0,"Evaluate the roles, rights and responsibilities of U.S. citizens and determine methods of active participation in society, government and the political system.",36.01,Explain how public opinion shapes personal opinion and how civic participation can influence election outcomes.,,2,Understand,knowledge,false,false,civic-dispositions; elections-policy,,,,,,1.3,1
8607120,Public Service Communication,36.0,"Evaluate the roles, rights and responsibilities of U.S. citizens and determine methods of active participation in society, government and the political system.",36.02,"Critique civic associations and interest groups, the power they hold, and the ways in which they may enhance or detract from the interests of individuals.",,5,Evaluate,knowledge,false,false,civic-dispositions; elections-policy,,,,,,1.4,1.25
8607120,Public Service Communication,36.0,"Evaluate the roles, rights and responsibilities of U.S. citizens and determine methods of active participation in society, government and the political system.",36.03,Explain the constitutional provisions that establish and affect citizenship.,,2,Understand,knowledge,false,false,civic-dispositions,,,,,8607110:24.01; 8607140:70.01,1.2,1
8607120,Public Service Communication,36.0,"Evaluate the roles, rights and responsibilities of U.S. citizens and determine methods of active participation in society, government and the political system.",36.04,Explain the importance of political and civic participation to the success of the United States' constitutional republic.,,2,Understand,knowledge,false,false,civic-dispositions; founding-documents,,,,,8607110:24.02; 8607140:70.02,1.3,1
8607120,Public Service Communication,36.0,"Evaluate the roles, rights and responsibilities of U.S. citizens and determine methods of active participation in society, government and the political system.",36.05,"Explain the responsibilities of citizens at the local, state and national levels.",,2,Understand,knowledge,false,false,civic-dispositions; state-local; ethics,,,,,8607110:24.03; 8607140:70.03,1.2,1
8607120,Public Service Communication,36.0,"Evaluate the roles, rights and responsibilities of U.S. citizens and determine methods of active participation in society, government and the political system.",36.06,"Evaluate, take and defend objective, evidence-based positions on issues that cause the government to balance the interests of individuals with the public good.",,5,Evaluate,performance,false,false,civic-dispositions,,,,,8607110:24.04; 8607140:70.04,2.4,2
8607120,Public Service Communication,36.0,"Evaluate the roles, rights and responsibilities of U.S. citizens and determine methods of active participation in society, government and the political system.",36.07,Explain how the principles contained in foundational documents contributed to the expansion of civil rights and liberties over time.,,2,Understand,knowledge,false,false,,,,,,8607110:24.05; 8607140:70.05,1.3,1
8607120,Public Service Communication,36.0,"Evaluate the roles, rights and responsibilities of U.S. citizens and determine methods of active participation in society, government and the political system.",36.08,Analyze the impact of civic engagement as a means of preserving or reforming institutions.,,4,Analyze,knowledge,false,false,civic-dispositions,,,,,8607110:24.06; 8607130:61.01; 8607140:70.06,1.2,1
8607120,Public Service Communication,36.0,"Evaluate the roles, rights and responsibilities of U.S. citizens and determine methods of active participation in society, government and the political system.",36.09,"Explain the impact of political parties, interest groups, media and individuals on determining and shaping public policy.",,2,Understand,knowledge,false,false,elections-policy; media-literacy,,,,,8607110:24.07; 8607130:61.02; 8607140:70.07,1.3,1
8607120,Public Service Communication,36.0,"Evaluate the roles, rights and responsibilities of U.S. citizens and determine methods of active participation in society, government and the political system.",36.10,Explain the process and procedures of elections at the state and national levels.,,3,Apply,performance,false,false,elections-policy,,,,,8607110:24.08; 8607130:61.03; 8607140:70.08,2.2,1.75
8607120,Public Service Communication,36.0,"Evaluate the roles, rights and responsibilities of U.S. citizens and determine methods of active participation in society, government and the political system.",36.11,"Evaluate political communication for bias, factual accuracy, omission and emotional appeal.",,5,Evaluate,knowledge,false,false,media-literacy; communication,,,,,8607110:24.09; 8607140:70.09,1.2,1
8607120,Public Service Communication,36.0,"Evaluate the roles, rights and responsibilities of U.S. citizens and determine methods of active participation in society, government and the political system.",36.12,"Explain how interest groups, the media and public opinion influence local, state and national decision-making related to public issues.",,2,Understand,knowledge,false,false,state-local; elections-policy; media-literacy; problem-solving,,,,,8607110:24.10; 8607130:61.04; 8607140:70.10,1.3,1
8607120,Public Service Communication,36.0,"Evaluate the roles, rights and responsibilities of U.S. citizens and determine methods of active participation in society, government and the political system.",36.13,Analyze the influence and effects of various forms of media and the internet in political communication.,,4,Analyze,knowledge,false,false,media-literacy; communication,,,,,,1.3,1
8607120,Public Service Communication,37.0,"Demonstrate an understanding of the principles, functions and organization of government.",37.01,Explain how the U.S. Constitution safeguards and limits individual rights.,,2,Understand,knowledge,false,false,founding-documents,,,,,8607110:25.07; 8607140:71.01,1.2,1
8607120,Public Service Communication,37.0,"Demonstrate an understanding of the principles, functions and organization of government.",37.02,"Analyze the structures, functions and processes of the legislative branch as described in Article I of the U.S. Constitution.",,4,Analyze,knowledge,false,false,founding-documents; government-structure,,,,,8607110:25.08; 8607110:25.09; 8607110:25.12; 8607120:37.03; 8607120:37.06; 8607130:62.01; 8607130:62.02; 8607130:62.04; 8607140:71.02; 8607140:71.03; 8607140:71.06,1.3,1
8607120,Public Service Communication,37.0,"Demonstrate an understanding of the principles, functions and organization of government.",37.03,"Analyze the structures, functions and processes of the executive branch as described in Article II of the U.S. Constitution.",,4,Analyze,knowledge,false,false,founding-documents; government-structure,,,,,8607110:25.08; 8607110:25.09; 8607110:25.12; 8607120:37.02; 8607120:37.06; 8607130:62.01; 8607130:62.02; 8607130:62.04; 8607140:71.02; 8607140:71.03; 8607140:71.06,1.3,1
8607120,Public Service Communication,37.0,"Demonstrate an understanding of the principles, functions and organization of government.",37.04,Describe how independent regulatory agencies interact with the three branches of government and with citizens.,,2,Understand,knowledge,false,false,civic-dispositions; government-structure,,,,,8607110:25.10; 8607130:62.03; 8607140:71.04,1.3,1
8607120,Public Service Communication,37.0,"Demonstrate an understanding of the principles, functions and organization of government.",37.05,"Explain expressed, implied, concurrent and reserved powers in the U.S. Constitution.",,2,Understand,knowledge,false,false,founding-documents; government-structure,,,,,8607110:25.11; 8607140:71.05,1.2,1
8607120,Public Service Communication,37.0,"Demonstrate an understanding of the principles, functions and organization of government.",37.06,"Analyze the structures, functions and processes of the judicial branch as described in Article III of the U.S. Constitution.",,4,Analyze,knowledge,false,false,founding-documents; government-structure,,,,,8607110:25.08; 8607110:25.09; 8607110:25.12; 8607120:37.02; 8607120:37.03; 8607130:62.01; 8607130:62.02; 8607130:62.04; 8607140:71.02; 8607140:71.03; 8607140:71.06,1.3,1
8607120,Public Service Communication,37.0,"Demonstrate an understanding of the principles, functions and organization of government.",37.07,Compare the role of state and federal judges with other elected officials.,,2,Understand,knowledge,false,false,,,,,,,1.2,1
8607120,Public Service Communication,37.0,"Demonstrate an understanding of the principles, functions and organization of government.",37.08,Analyze the concept of federalism in the United States and its role in establishing the relationship between the state and national governments.,,4,Analyze,knowledge,false,false,government-structure,,,,,8607110:25.13; 8607130:62.05; 8607140:71.07,1.4,1.25
8607120,Public Service Communication,37.0,"Demonstrate an understanding of the principles, functions and organization of government.",37.09,"Explain how issues between Florida, other states and the national government are resolved.",,2,Understand,knowledge,false,false,state-local,,,,,8607110:25.14; 8607130:62.06; 8607140:71.08,1.2,1
8607120,Public Service Communication,37.0,"Demonstrate an understanding of the principles, functions and organization of government.",37.10,"Explain how citizens are affected by the local, state and national governments.",,2,Understand,knowledge,false,false,civic-dispositions; state-local,,,,,8607110:25.15; 8607130:62.07; 8607140:71.09,1.2,1
8607120,Public Service Communication,38.0,Demonstrate an understanding of contemporary issues in world affairs and evaluate the role and impact of U.S. foreign policy.,38.01,Explain how the United States uses foreign policy to influence other nations.,,2,Understand,knowledge,false,false,foreign-policy,,,,,,1.2,1
8607120,Public Service Communication,38.0,Demonstrate an understanding of contemporary issues in world affairs and evaluate the role and impact of U.S. foreign policy.,38.02,Explain how U.S. foreign policy supports democratic principles and protects human rights around the world.,,2,Understand,knowledge,false,false,foreign-policy,,,,,,1.3,1
8607130,Project Management and Experiential Learning in Public Service,39.0,Reflect on public works and public sector employment skills and practices.,39.01,Demonstrate public service employability skills.,,3,Apply,performance,false,false,employability,,,,,,2.1,1.5
8607130,Project Management and Experiential Learning in Public Service,39.0,Reflect on public works and public sector employment skills and practices.,39.02,Explain the importance of public service employability and entrepreneurship skills.,,2,Understand,knowledge,false,false,employability,,,,,,1.2,0.75
8607130,Project Management and Experiential Learning in Public Service,39.0,Reflect on public works and public sector employment skills and practices.,39.03,"Operate a computer using software and programs to develop documents, reports and presentations using word processing, presentation slides and spreadsheets in a proficient manner.",,3,Apply,performance,false,false,communication; technology,,,,,,2.4,1.5
8607130,Project Management and Experiential Learning in Public Service,39.0,Reflect on public works and public sector employment skills and practices.,39.04,Identify basic elements in public service work requiring interpersonal skills.,,1,Remember,knowledge,false,false,communication,,,,,,1.2,0.75
8607130,Project Management and Experiential Learning in Public Service,39.0,Reflect on public works and public sector employment skills and practices.,39.05,Describe the importance of professional ethics and legal responsibilities in public service and non-profit contexts.,,2,Understand,knowledge,false,false,ethics,,,,,,1.3,1
8607130,Project Management and Experiential Learning in Public Service,39.0,Reflect on public works and public sector employment skills and practices.,39.06,Illustrate the critical role that positive civic dispositions play when engaged in public sector employment.,,2,Understand,knowledge,false,false,civic-dispositions; experiential,,,,,,1.3,1
8607130,Project Management and Experiential Learning in Public Service,39.0,Reflect on public works and public sector employment skills and practices.,39.07,Demonstrate public service leadership and teamwork skills needed to accomplish team goals and objectives.,,3,Apply,performance,false,false,leadership; project-roles,,,,,,2.3,1.5
8607130,Project Management and Experiential Learning in Public Service,39.0,Reflect on public works and public sector employment skills and practices.,39.08,"Present information orally, with a logical organization and coherent focus, with credible evidence, creating a clear perspective.",,2,Understand,knowledge,false,false,communication,,,,,8607140:65.02,1.3,1
8607130,Project Management and Experiential Learning in Public Service,39.0,Reflect on public works and public sector employment skills and practices.,39.09,Conduct research on a topical issue to answer a question and synthesize information from a variety of sources.,,3,Apply,performance,false,false,research,,,,,,2.3,1.5
8607130,Project Management and Experiential Learning in Public Service,40.0,"Understand the fundamental concepts relevant to the institutions, structure, and functions of a national economy.",40.01,"Use a decision-making model to analyze a public policy issue affecting the student's community that incorporates defining a problem, analyzing the potential consequences, and considering the alternatives.",,4,Analyze,performance,false,false,state-local; elections-policy; problem-solving,,,,,,2.5,1.75
8607130,Project Management and Experiential Learning in Public Service,41.0,Recognize key terminology within project management.,41.01,"Outline projects, products, programs, and portfolios within a project management context.",,4,Analyze,knowledge,false,false,project-management; employability,,,,,,1.2,0.75
8607130,Project Management and Experiential Learning in Public Service,41.0,Recognize key terminology within project management.,41.02,Describe project management.,,2,Understand,knowledge,false,false,project-management,,,,,,1.1,0.75
8607130,Project Management and Experiential Learning in Public Service,41.0,Recognize key terminology within project management.,41.03,Outline a business case within a project management context.,,4,Analyze,knowledge,false,false,project-management,,,,,,1.2,0.75
8607130,Project Management and Experiential Learning in Public Service,41.0,Recognize key terminology within project management.,41.04,Describe the scope of a project.,,2,Understand,knowledge,false,false,project-management,,,,,,1.1,0.75
8607130,Project Management and Experiential Learning in Public Service,41.0,Recognize key terminology within project management.,41.05,Describe deliverables as project components.,,2,Understand,knowledge,false,false,project-management,,,,,,1.1,0.75
8607130,Project Management and Experiential Learning in Public Service,41.0,Recognize key terminology within project management.,41.06,Identify milestones and tasks in a project management context.,,1,Remember,knowledge,false,false,project-management,,,,,,1.2,0.75
8607130,Project Management and Experiential Learning in Public Service,41.0,Recognize key terminology within project management.,41.07,List the components of a project.,,1,Remember,knowledge,false,false,project-management,,,,,,1.1,0.75
8607130,Project Management and Experiential Learning in Public Service,41.0,Recognize key terminology within project management.,41.08,List the business components of a project.,,1,Remember,knowledge,false,false,project-management,,,,,,1.1,0.75
8607130,Project Management and Experiential Learning in Public Service,41.0,Recognize key terminology within project management.,41.09,"Define the issues. risks, assumptions, and constraints of project management.",,1,Remember,knowledge,false,false,project-management,,,,,,1.2,0.75
8607130,Project Management and Experiential Learning in Public Service,41.0,Recognize key terminology within project management.,41.10,Describe the features of a project management plan needed for project delivery.,,3,Apply,performance,false,false,project-management,,,,,,2.2,1.5
8607130,Project Management and Experiential Learning in Public Service,41.0,Recognize key terminology within project management.,41.11,Identify the features of responsive project delivery.,,1,Remember,knowledge,false,false,project-management,,,,,,1.1,0.75
8607130,Project Management and Experiential Learning in Public Service,41.0,Recognize key terminology within project management.,41.12,Identify the ethical foundations of project management.,,1,Remember,knowledge,false,false,project-management; ethics,,,,,,1.1,0.75
8607130,Project Management and Experiential Learning in Public Service,42.0,Explain key concepts and terms used within project management planning and preparation.,42.01,"Identify core concepts of project management plans including cost, quality, risk, and schedule.",,1,Remember,knowledge,false,false,project-management; economics,,,,,,1.2,0.75
8607130,Project Management and Experiential Learning in Public Service,42.0,Explain key concepts and terms used within project management planning and preparation.,42.02,Differentiate among different types of project management resources.,,2,Understand,knowledge,false,false,research; project-management,,,,,,1.2,0.75
8607130,Project Management and Experiential Learning in Public Service,42.0,Explain key concepts and terms used within project management planning and preparation.,42.03,Recognize project management terms relating to business.,,1,Remember,knowledge,false,false,project-management,,,,,,1.1,0.75
8607130,Project Management and Experiential Learning in Public Service,42.0,Explain key concepts and terms used within project management planning and preparation.,42.04,Describe project management organizational features and organizational environments.,,2,Understand,knowledge,false,false,project-management,,,,,,1.2,0.75
8607130,Project Management and Experiential Learning in Public Service,42.0,Explain key concepts and terms used within project management planning and preparation.,42.05,Describe project management organizational structures.,,2,Understand,knowledge,false,false,project-management,,,,,,1.1,0.75
8607130,Project Management and Experiential Learning in Public Service,42.0,Explain key concepts and terms used within project management planning and preparation.,42.06,Illustrate the benefits and concepts associated with project management risk.,,2,Understand,knowledge,false,false,project-management; economics,,,,,,1.2,0.75
8607130,Project Management and Experiential Learning in Public Service,42.0,Explain key concepts and terms used within project management planning and preparation.,42.07,Identify project management benefits and concepts associated with stakeholders.,,1,Remember,knowledge,false,false,project-management; project-roles; economics,,,,,,1.2,0.75
8607130,Project Management and Experiential Learning in Public Service,43.0,Describe project roles and responsibilities.,43.01,"Describe the role that project managers, sponsors, team leaders, team members, and project clients play in project management.",,2,Understand,knowledge,false,false,leadership; project-management; project-roles,,,,,,1.3,1
8607130,Project Management and Experiential Learning in Public Service,43.0,Describe project roles and responsibilities.,43.02,"Identify key stakeholder responsibilities in project management including project managers, sponsors, team leaders, team members and project clients.",,1,Remember,knowledge,false,false,leadership; project-management; project-roles; ethics,,,,,,1.4,1
8607130,Project Management and Experiential Learning in Public Service,43.0,Describe project roles and responsibilities.,43.03,Describe project management leadership and management.,,2,Understand,knowledge,false,false,leadership; project-management,,,,,,1.1,0.75
8607130,Project Management and Experiential Learning in Public Service,44.0,"Analyze project management tools, structures, and systems.",44.01,Identify the tools commonly used for developing a project management schedule.,,1,Remember,knowledge,false,false,project-management,,,,,,1.2,0.75
8607130,Project Management and Experiential Learning in Public Service,44.0,"Analyze project management tools, structures, and systems.",44.02,Outline the characteristics and benefits of the tools of project management.,,4,Analyze,knowledge,false,false,project-management; economics,,,,,,1.2,0.75
8607130,Project Management and Experiential Learning in Public Service,45.0,Describe problem-solving tools and techniques in project management.,45.01,Describe project management information gathering tools or techniques.,,2,Understand,knowledge,false,false,project-management; information-gathering,,,,,,1.2,0.75
8607130,Project Management and Experiential Learning in Public Service,45.0,Describe problem-solving tools and techniques in project management.,45.02,Identify the components required to lead an effective meeting.,,1,Remember,knowledge,false,false,meetings,,,,,,1.2,0.75
8607130,Project Management and Experiential Learning in Public Service,46.0,Classify plan-based approaches.,46.01,Identify the core purpose for commonly used plan-based projects,,1,Remember,knowledge,false,false,project-management,,,,,,1.2,0.75
8607130,Project Management and Experiential Learning in Public Service,46.0,Classify plan-based approaches.,46.02,Describe the core knowledge areas and process groups in project management,,3,Apply,performance,false,false,project-management,,,,,,2.2,1.5
8607130,Project Management and Experiential Learning in Public Service,46.0,Classify plan-based approaches.,46.03,Illustrate the correct order required to complete a project.,,3,Apply,performance,false,false,project-management,,,,,,2.2,1.5
8607130,Project Management and Experiential Learning in Public Service,46.0,Classify plan-based approaches.,46.04,Explain how a commonly used project structure results in a plan-based approach.,,2,Understand,knowledge,false,false,project-management,,,,,,1.2,0.75
8607130,Project Management and Experiential Learning in Public Service,47.0,Describe characteristics of an effective project management plan and schedule.,47.01,Describe the process for creating a project management schedule.,,3,Apply,performance,false,false,project-management,,,,,,2.2,1.5
8607130,Project Management and Experiential Learning in Public Service,47.0,Describe characteristics of an effective project management plan and schedule.,47.02,List the elements of a work structure in project management.,,1,Remember,knowledge,false,false,project-management,,,,,,1.2,0.75
8607130,Project Management and Experiential Learning in Public Service,47.0,Describe characteristics of an effective project management plan and schedule.,47.03,Identify various elements of a project management plan schedule.,,3,Apply,performance,false,false,project-management,,,,,,2.2,1.5
8607130,Project Management and Experiential Learning in Public Service,47.0,Describe characteristics of an effective project management plan and schedule.,47.04,Describe the path to developing a project management schedule.,,2,Understand,knowledge,false,false,project-management,,,,,,1.2,0.75
8607130,Project Management and Experiential Learning in Public Service,48.0,Develop implementation plans for project management.,48.01,Describe the role of structural controls in project management planning.,,2,Understand,knowledge,false,false,project-management; project-controls,,,,,,1.2,0.75
8607130,Project Management and Experiential Learning in Public Service,48.0,Develop implementation plans for project management.,48.02,Explain how monitoring and controlling techniques are used in project management.,,2,Understand,knowledge,false,false,project-management; project-controls,,,,,,1.2,0.75
8607130,Project Management and Experiential Learning in Public Service,49.0,Classify project management situations.,49.01,Explain how plan-based project types are determined.,,2,Understand,knowledge,false,false,project-management,,,,,,1.1,0.75
8607130,Project Management and Experiential Learning in Public Service,49.0,Classify project management situations.,49.02,Describe criteria used to classify plan-based project types.,,2,Understand,knowledge,false,false,project-management,,,,,,1.2,0.75
8607130,Project Management and Experiential Learning in Public Service,49.0,Classify project management situations.,49.03,Recognize the reasons for utilizing project types.,,1,Remember,knowledge,false,false,project-management,,,,,,1.1,0.75
8607130,Project Management and Experiential Learning in Public Service,49.0,Classify project management situations.,49.04,Illustrate how transparency and flexibility are used in project management.,,2,Understand,knowledge,false,false,project-management; project-controls,,,,,,1.2,0.75
8607130,Project Management and Experiential Learning in Public Service,49.0,Classify project management situations.,49.05,Describe Servant Leadership within the context of plan-based project management.,,2,Understand,knowledge,false,false,leadership; project-management,,,,,,1.2,0.75
8607130,Project Management and Experiential Learning in Public Service,49.0,Classify project management situations.,49.06,Outline the methods used to attract project clients.,,4,Analyze,knowledge,false,false,project-management; project-roles,,,,,,1.1,0.75
8607130,Project Management and Experiential Learning in Public Service,49.0,Classify project management situations.,49.07,Identify common method for achieving flexibility in project management.,,1,Remember,knowledge,false,false,project-management,,,,,,1.2,0.75
8607130,Project Management and Experiential Learning in Public Service,50.0,Determine attributes within project management plans.,50.01,Describe the methods for setting priorities of a project management plan.,,2,Understand,knowledge,false,false,project-management,,,,,,1.2,0.75
8607130,Project Management and Experiential Learning in Public Service,50.0,Determine attributes within project management plans.,50.02,Identify the components of a project management framework.,,1,Remember,knowledge,false,false,project-management,,,,,,1.1,0.75
8607130,Project Management and Experiential Learning in Public Service,50.0,Determine attributes within project management plans.,50.03,Identify ways to measure project progress.,,3,Apply,performance,false,false,project-management; project-controls,,,,,,2.1,1.5
8607130,Project Management and Experiential Learning in Public Service,50.0,Determine attributes within project management plans.,50.04,Explain the importance of measuring project progress.,,2,Understand,knowledge,false,false,project-management; project-controls,,,,,,1.1,0.75
8607130,Project Management and Experiential Learning in Public Service,51.0,Describe roles and responsibilities in project management.,51.01,Describe the role of project lead.,,2,Understand,knowledge,false,false,project-management,,,,,,1.1,0.75
8607130,Project Management and Experiential Learning in Public Service,51.0,Describe roles and responsibilities in project management.,51.02,Describe the role of project member.,,2,Understand,knowledge,false,false,project-management,,,,,,1.1,0.75
8607130,Project Management and Experiential Learning in Public Service,51.0,Describe roles and responsibilities in project management.,51.03,Identify the core principles of project management teams.,,1,Remember,knowledge,false,false,project-management,,,,,,1.1,0.75
8607130,Project Management and Experiential Learning in Public Service,51.0,Describe roles and responsibilities in project management.,51.04,Identify characteristics of effective project management team collaboration.,,1,Remember,knowledge,false,false,project-management; project-roles,,,,,,1.2,0.75
8607130,Project Management and Experiential Learning in Public Service,52.0,Determine attributes of project management document controls.,52.01,Describe project controls in project management.,,2,Understand,knowledge,false,false,project-management; project-controls,,,,,,1.1,0.75
8607130,Project Management and Experiential Learning in Public Service,52.0,Determine attributes of project management document controls.,52.02,Identify techniques to monitor project progress.,,1,Remember,knowledge,false,false,project-management; project-controls,,,,,,1.1,0.75
8607130,Project Management and Experiential Learning in Public Service,53.0,Identify project management plan components.,53.01,Identify the dynamic elements of a project plan.,,3,Apply,performance,false,false,project-management,,,,,,2.1,1.5
8607130,Project Management and Experiential Learning in Public Service,53.0,Identify project management plan components.,53.02,Identify methods for monitoring and controlling projects in process. The student will be able to:,,1,Remember,knowledge,false,false,project-controls,,,,,,1.2,0.75
8607130,Project Management and Experiential Learning in Public Service,54.0,Describe tasks and steps in project management.,54.01,Describe task features in project management.,,2,Understand,knowledge,false,false,project-management,,,,,,1.1,0.75
8607130,Project Management and Experiential Learning in Public Service,54.0,Describe tasks and steps in project management.,54.02,Illustrate how tasks are prioritized in task management.,,2,Understand,knowledge,false,false,project-management,,,,,,1.1,0.75
8607130,Project Management and Experiential Learning in Public Service,54.0,Describe tasks and steps in project management.,54.03,Identify completed project stakeholders.,,1,Remember,knowledge,false,false,project-management; project-roles,,,,,,1.1,0.75
8607130,Project Management and Experiential Learning in Public Service,55.0,Analyze project management frameworks.,55.01,Identify the roles of business entities in project management.,,1,Remember,knowledge,false,false,project-management,,,,,,1.2,0.75
8607130,Project Management and Experiential Learning in Public Service,55.0,Analyze project management frameworks.,55.02,Describe the responsibilities of business entities in project management.,,2,Understand,knowledge,false,false,project-management; ethics,,,,,,1.2,0.75
8607130,Project Management and Experiential Learning in Public Service,56.0,Analyze characteristics of project management stakeholder communication.,56.01,List project management communication plan elements.,,3,Apply,performance,false,false,communication; project-management,,,,,,2.1,1.5
8607130,Project Management and Experiential Learning in Public Service,56.0,Analyze characteristics of project management stakeholder communication.,56.02,Identify project management communication plan elements.,,3,Apply,performance,false,false,communication; project-management,,,,,,2.1,1.5
8607130,Project Management and Experiential Learning in Public Service,57.0,Describe characteristics needed for effective information gathering.,57.01,List information collection requirements in project management.,,1,Remember,knowledge,false,false,project-management; information-gathering,,,,,,1.2,0.75
8607130,Project Management and Experiential Learning in Public Service,57.0,Describe characteristics needed for effective information gathering.,57.02,List information collection techniques in project management.,,1,Remember,knowledge,false,false,project-management; information-gathering,,,,,,1.2,0.75
8607130,Project Management and Experiential Learning in Public Service,57.0,Describe characteristics needed for effective information gathering.,57.03,List ways that project management tools are used to meet information requirements.,,1,Remember,knowledge,false,false,project-management,,,,,,1.2,0.75
8607130,Project Management and Experiential Learning in Public Service,57.0,Describe characteristics needed for effective information gathering.,57.04,Describe information collection requirements in project management.,,2,Understand,knowledge,false,false,project-management; information-gathering,,,,,,1.2,0.75
8607130,Project Management and Experiential Learning in Public Service,58.0,Identify characteristics of a project plan.,58.01,Describe project milestones in project management.,,2,Understand,knowledge,false,false,project-management,,,,,,1.1,0.75
8607130,Project Management and Experiential Learning in Public Service,58.0,Identify characteristics of a project plan.,58.02,List project milestones in project management.,,1,Remember,knowledge,false,false,project-management,,,,,,1.1,0.75
8607130,Project Management and Experiential Learning in Public Service,58.0,Identify characteristics of a project plan.,58.03,Define a plan for confirming that project management milestones have been met.,,3,Apply,performance,false,false,project-management,,,,,,2.2,1.5
8607130,Project Management and Experiential Learning in Public Service,59.0,Identify elements of completed projects.,59.01,Identify the components of project deliverables.,,1,Remember,knowledge,false,false,project-management,,,,,,1.1,0.75
8607130,Project Management and Experiential Learning in Public Service,60.0,"Demonstrate an understanding of the origins and purposes of government, law and the American political system.",60.01,"Explain how the U.S. Constitution and its amendments uphold the following political principles: checks and balances, consent of the governed, democracy, due process of law, federalism, individual rights, limited government, representative government, republicanism, rule of law and separation of powers.",,2,Understand,knowledge,false,false,civic-dispositions; founding-documents; government-structure,,,,,8607110:23.02; 8607120:35.05; 8607140:69.02,1.8,1.25
8607130,Project Management and Experiential Learning in Public Service,61.0,"Evaluate the roles, rights and responsibilities of U.S. citizens and determine methods of active participation in society, government and the political system.",61.01,Analyze the impact of civic engagement as a means of preserving or reforming institutions.,,4,Analyze,knowledge,false,false,civic-dispositions,,,,,8607110:24.06; 8607120:36.08; 8607140:70.06,1.2,0.75
8607130,Project Management and Experiential Learning in Public Service,61.0,"Evaluate the roles, rights and responsibilities of U.S. citizens and determine methods of active participation in society, government and the political system.",61.02,"Explain the impact of political parties, interest groups, media and individuals on determining and shaping public policy.",,2,Understand,knowledge,false,false,elections-policy; media-literacy,,,,,8607110:24.07; 8607120:36.09; 8607140:70.07,1.3,1
8607130,Project Management and Experiential Learning in Public Service,61.0,"Evaluate the roles, rights and responsibilities of U.S. citizens and determine methods of active participation in society, government and the political system.",61.03,Explain the process and procedures of elections at the state and national levels.,,3,Apply,performance,false,false,elections-policy,,,,,8607110:24.08; 8607120:36.10; 8607140:70.08,2.2,1.5
8607130,Project Management and Experiential Learning in Public Service,61.0,"Evaluate the roles, rights and responsibilities of U.S. citizens and determine methods of active participation in society, government and the political system.",61.04,"Explain how interest groups, the media and public opinion influence local, state and national decision-making related to public issues.",,2,Understand,knowledge,false,false,state-local; elections-policy; media-literacy; problem-solving,,,,,8607110:24.10; 8607120:36.12; 8607140:70.10,1.3,1
8607130,Project Management and Experiential Learning in Public Service,62.0,"Demonstrate an understanding of the principles, functions and organization of government.",62.01,"Analyze the structures, functions and processes of the legislative branch as described in Article I of the U.S. Constitution.",,4,Analyze,knowledge,false,false,founding-documents; government-structure,,,,,8607110:25.08; 8607110:25.09; 8607110:25.12; 8607120:37.02; 8607120:37.03; 8607120:37.06; 8607130:62.02; 8607130:62.04; 8607140:71.02; 8607140:71.03; 8607140:71.06,1.3,1
8607130,Project Management and Experiential Learning in Public Service,62.0,"Demonstrate an understanding of the principles, functions and organization of government.",62.02,"Analyze the structures, functions and processes of the executive branch as described in Article II of the U.S. Constitution.",,4,Analyze,knowledge,false,false,founding-documents; government-structure,,,,,8607110:25.08; 8607110:25.09; 8607110:25.12; 8607120:37.02; 8607120:37.03; 8607120:37.06; 8607130:62.01; 8607130:62.04; 8607140:71.02; 8607140:71.03; 8607140:71.06,1.3,1
8607130,Project Management and Experiential Learning in Public Service,62.0,"Demonstrate an understanding of the principles, functions and organization of government.",62.03,Describe how independent regulatory agencies interact with the three branches of government and with citizens.,,2,Understand,knowledge,false,false,civic-dispositions; government-structure,,,,,8607110:25.10; 8607120:37.04; 8607140:71.04,1.3,1
8607130,Project Management and Experiential Learning in Public Service,62.0,"Demonstrate an understanding of the principles, functions and organization of government.",62.04,"Analyze the structures, functions and processes of the judicial branch as described in Article III of the U.S. Constitution.",,4,Analyze,knowledge,false,false,founding-documents; government-structure,,,,,8607110:25.08; 8607110:25.09; 8607110:25.12; 8607120:37.02; 8607120:37.03; 8607120:37.06; 8607130:62.01; 8607130:62.02; 8607140:71.02; 8607140:71.03; 8607140:71.06,1.3,1
8607130,Project Management and Experiential Learning in Public Service,62.0,"Demonstrate an understanding of the principles, functions and organization of government.",62.05,Analyze the concept of federalism in the United States and its role in establishing the relationship between the state and national governments.,,4,Analyze,knowledge,false,false,government-structure,,,,,8607110:25.13; 8607120:37.08; 8607140:71.07,1.4,1
8607130,Project Management and Experiential Learning in Public Service,62.0,"Demonstrate an understanding of the principles, functions and organization of government.",62.06,"Explain how issues between Florida, other states and the national government are resolved.",,2,Understand,knowledge,false,false,state-local,,,,,8607110:25.14; 8607120:37.09; 8607140:71.08,1.2,0.75
8607130,Project Management and Experiential Learning in Public Service,62.0,"Demonstrate an understanding of the principles, functions and organization of government.",62.07,"Explain how citizens are affected by the local, state and national governments.",,2,Understand,knowledge,false,false,civic-dispositions; state-local,,,,,8607110:25.15; 8607120:37.10; 8607140:71.09,1.2,0.75
8607140,Public Service Research,63.0,Communicate through writing.,63.01,Develop written documents using computer-based word processing in a proficient manner.,,6,Create,performance,false,false,technology,,,,,,2.2,2.5
8607140,Public Service Research,63.0,Communicate through writing.,63.02,"Write to argue a position, supporting claims using logical reasoning and credible evidence from multiple sources, rebutting counterclaims with relevant evidence, using a logical organizational structure, elaboration, purposeful transitions, and maintaining a formal and objective tone.",,3,Apply,performance,false,false,writing; research,,,,,8607120:29.01,2.7,3
8607140,Public Service Research,63.0,Communicate through writing.,63.03,"Write expository texts to explain and analyze information from multiple sources, using a logical organization, purposeful transitions, and a tone and voice appropriate to the task.",,4,Analyze,performance,false,false,writing; research; information-gathering,,,,,,2.5,2.75
8607140,Public Service Research,63.0,Communicate through writing.,63.04,"Improve writing by considering feedback from adults, peers, and/or online editing tools, revising to address the needs of a specific audience.",,2,Understand,knowledge,false,false,communication; writing,,,,,,1.4,1.5
8607140,Public Service Research,64.0,Analyze informational text.,64.01,Evaluate the support an author uses to develop the central idea(s) throughout a text.,,6,Create,performance,false,false,reading-analysis,,,,,8607120:30.02,2.2,2.5
8607140,Public Service Research,64.0,Analyze informational text.,64.02,Analyze the impact of multiple text structures and the use of features in text(s).,,4,Analyze,knowledge,false,false,reading-analysis,,,,,,1.2,1.25
8607140,Public Service Research,64.0,Analyze informational text.,64.03,"Compare the development of two opposing arguments on the same topic, evaluating the effectiveness and validity of the claims, and analyzing the ways in which the authors use the same information to achieve different ends.",,2,Understand,knowledge,false,false,writing,,,,,8607120:30.06,1.6,1.75
8607140,Public Service Research,65.0,Develop effective oral communication skills.,65.01,Demonstrate higher order critical thinking and reasoning skills appropriate for public service and non-profit leadership.,,3,Apply,performance,false,false,leadership; problem-solving,,,,,8607110:19.02,2.3,2.5
8607140,Public Service Research,65.0,Develop effective oral communication skills.,65.02,"Present information orally, with a logical organization and coherent focus, with credible evidence, creating a clear perspective.",,2,Understand,knowledge,false,false,communication,,,,,8607130:39.08,1.3,1.5
8607140,Public Service Research,66.0,Conduct public service research.,66.01,"Conduct investigative research on a selected topic related to public service and the non-profit sector using approved research methodology, interpret findings, and prepare presentation to defend results.",,3,Apply,performance,false,false,communication; research,,,,,,2.5,2.75
8607140,Public Service Research,66.0,Conduct public service research.,66.02,Demonstrate higher order critical thinking and reasoning skills appropriate for the public service or public administration.,,3,Apply,performance,false,false,problem-solving,,,,,,2.3,2.5
8607140,Public Service Research,66.0,Conduct public service research.,66.03,Record and analyze research results using spreadsheets.,,4,Analyze,performance,false,false,research; technology,,,,,,2.1,2.25
8607140,Public Service Research,66.0,Conduct public service research.,66.04,Present research results using presentation slides in a proficient manner.,,2,Understand,knowledge,false,false,communication; research; technology,,,,,,1.2,1.25
8607140,Public Service Research,66.0,Conduct public service research.,66.05,"Conduct research to answer a question, refining the scope of the question to align with findings, and synthesizing information from multiple reliable and valid sources.",,3,Apply,performance,false,false,research,,,,,8607120:31.01,2.4,2.75
8607140,Public Service Research,67.0,Experience public service research product creation and collaboration.,67.01,Demonstrate the value of civic dispositions when engaged in public service and non-profit research.,,3,Apply,performance,false,false,civic-dispositions; research,,,,,,2.2,2.5
8607140,Public Service Research,67.0,Experience public service research product creation and collaboration.,67.02,Engage in communication and collaboration when engaged in public service and non-profit research.,,2,Understand,knowledge,false,false,communication; research; project-roles,,,,,,1.2,1.25
8607140,Public Service Research,67.0,Experience public service research product creation and collaboration.,67.03,Create digital presentations with coherent ideas and a clear perspective.,,6,Create,performance,false,false,communication; technology,,,,,,2.2,2.5
8607140,Public Service Research,67.0,Experience public service research product creation and collaboration.,67.04,"Create digital presentations to improve understanding of findings, reasoning, and evidence.",,6,Create,performance,false,false,communication; research; technology,,,,,,2.2,2.5
8607140,Public Service Research,68.0,Illustrate ELA expectations.,68.01,Cite evidence to explain and justify reasoning.,,5,Evaluate,knowledge,false,false,reading-analysis,,,,,8607120:28.01,1.1,1.25
8607140,Public Service Research,68.0,Illustrate ELA expectations.,68.02,Read and comprehend grade-level complex texts proficiently.,,2,Understand,knowledge,false,false,reading-analysis,,,,,8607120:28.02,1.1,1.25
8607140,Public Service Research,68.0,Illustrate ELA expectations.,68.03,Make inferences to support comprehension.,,3,Apply,performance,false,false,reading-analysis,,,,,8607120:28.03,2.1,2.25
8607140,Public Service Research,68.0,Illustrate ELA expectations.,68.04,Use appropriate collaborative techniques and active listening skills when engaging in discussions in a variety of situations.,,3,Apply,performance,false,false,communication; project-roles,,,,,8607120:28.04,2.3,2.5
8607140,Public Service Research,68.0,Illustrate ELA expectations.,68.05,Use the accepted rules governing a specific format to create quality work.,,3,Apply,performance,false,false,,,,,,8607120:28.05,2.2,2.5
8607140,Public Service Research,68.0,Illustrate ELA expectations.,68.06,Use appropriate voice and tone when speaking or writing.,,3,Apply,performance,false,false,communication; writing,,,,,8607120:28.06,2.1,2.25
8607140,Public Service Research,69.0,"Demonstrate an understanding of the origins and purposes of government, law and the American political system.",69.01,Analyze how the ideals and principles expressed in the founding documents shape America as a constitutional republic.,,4,Analyze,knowledge,false,false,founding-documents,,,,,8607110:23.01; 8607120:35.04,1.3,1.5
8607140,Public Service Research,69.0,"Demonstrate an understanding of the origins and purposes of government, law and the American political system.",69.02,"Explain how the U.S. Constitution and its amendments uphold the following political principles: checks and balances, consent of the governed, democracy, due process of law, federalism, individual rights, limited government, representative government, republicanism, rule of law and separation of powers.",,2,Understand,knowledge,false,false,civic-dispositions; founding-documents; government-structure,,,,,8607110:23.02; 8607120:35.05; 8607130:60.01,1.8,2
8607140,Public Service Research,70.0,"Evaluate the roles, rights and responsibilities of U.S. citizens and determine methods of active participation in society, government and the political system.",70.01,Explain the constitutional provisions that establish and affect citizenship.,,2,Understand,knowledge,false,false,civic-dispositions,,,,,8607110:24.01; 8607120:36.03,1.2,1.25
8607140,Public Service Research,70.0,"Evaluate the roles, rights and responsibilities of U.S. citizens and determine methods of active participation in society, government and the political system.",70.02,Explain the importance of political and civic participation to the success of the United States' constitutional republic.,,2,Understand,knowledge,false,false,civic-dispositions; founding-documents,,,,,8607110:24.02; 8607120:36.04,1.3,1.5
8607140,Public Service Research,70.0,"Evaluate the roles, rights and responsibilities of U.S. citizens and determine methods of active participation in society, government and the political system.",70.03,"Explain the responsibilities of citizens at the local, state and national levels.",,2,Understand,knowledge,false,false,civic-dispositions; state-local; ethics,,,,,8607110:24.03; 8607120:36.05,1.2,1.25
8607140,Public Service Research,70.0,"Evaluate the roles, rights and responsibilities of U.S. citizens and determine methods of active participation in society, government and the political system.",70.04,"Evaluate, take and defend objective, evidence-based positions on issues that cause the government to balance the interests of individuals with the public good.",,5,Evaluate,performance,false,false,civic-dispositions,,,,,8607110:24.04; 8607120:36.06,2.4,2.75
8607140,Public Service Research,70.0,"Evaluate the roles, rights and responsibilities of U.S. citizens and determine methods of active participation in society, government and the political system.",70.05,Explain how the principles contained in foundational documents contributed to the expansion of civil rights and liberties over time.,,2,Understand,knowledge,false,false,,,,,,8607110:24.05; 8607120:36.07,1.3,1.5
8607140,Public Service Research,70.0,"Evaluate the roles, rights and responsibilities of U.S. citizens and determine methods of active participation in society, government and the political system.",70.06,Analyze the impact of civic engagement as a means of preserving or reforming institutions.,,4,Analyze,knowledge,false,false,civic-dispositions,,,,,8607110:24.06; 8607120:36.08; 8607130:61.01,1.2,1.25
8607140,Public Service Research,70.0,"Evaluate the roles, rights and responsibilities of U.S. citizens and determine methods of active participation in society, government and the political system.",70.07,"Explain the impact of political parties, interest groups, media and individuals on determining and shaping public policy.",,2,Understand,knowledge,false,false,elections-policy; media-literacy,,,,,8607110:24.07; 8607120:36.09; 8607130:61.02,1.3,1.5
8607140,Public Service Research,70.0,"Evaluate the roles, rights and responsibilities of U.S. citizens and determine methods of active participation in society, government and the political system.",70.08,Explain the process and procedures of elections at the state and national levels.,,3,Apply,performance,false,false,elections-policy,,,,,8607110:24.08; 8607120:36.10; 8607130:61.03,2.2,2.5
8607140,Public Service Research,70.0,"Evaluate the roles, rights and responsibilities of U.S. citizens and determine methods of active participation in society, government and the political system.",70.09,"Evaluate political communication for bias, factual accuracy, omission and emotional appeal.",,5,Evaluate,knowledge,false,false,media-literacy; communication,,,,,8607110:24.09; 8607120:36.11,1.2,1.25
8607140,Public Service Research,70.0,"Evaluate the roles, rights and responsibilities of U.S. citizens and determine methods of active participation in society, government and the political system.",70.10,"Explain how interest groups, the media and public opinion influence local, state and national decision-making related to public issues.",,2,Understand,knowledge,false,false,state-local; elections-policy; media-literacy; problem-solving,,,,,8607110:24.10; 8607120:36.12; 8607130:61.04,1.3,1.5
8607140,Public Service Research,71.0,"Demonstrate an understanding of the principles, functions and organization of government.",71.01,Explain how the U.S. Constitution safeguards and limits individual rights.,,2,Understand,knowledge,false,false,founding-documents,,,,,8607110:25.07; 8607120:37.01,1.2,1.25
8607140,Public Service Research,71.0,"Demonstrate an understanding of the principles, functions and organization of government.",71.02,"Analyze the structures, functions and processes of the legislative branch as described in Article I of the U.S. Constitution.",,4,Analyze,knowledge,false,false,founding-documents; government-structure,,,,,8607110:25.08; 8607110:25.09; 8607110:25.12; 8607120:37.02; 8607120:37.03; 8607120:37.06; 8607130:62.01; 8607130:62.02; 8607130:62.04; 8607140:71.03; 8607140:71.06,1.3,1.5
8607140,Public Service Research,71.0,"Demonstrate an understanding of the principles, functions and organization of government.",71.03,"Analyze the structures, functions and processes of the executive branch as described in Article II of the U.S. Constitution.",,4,Analyze,knowledge,false,false,founding-documents; government-structure,,,,,8607110:25.08; 8607110:25.09; 8607110:25.12; 8607120:37.02; 8607120:37.03; 8607120:37.06; 8607130:62.01; 8607130:62.02; 8607130:62.04; 8607140:71.02; 8607140:71.06,1.3,1.5
8607140,Public Service Research,71.0,"Demonstrate an understanding of the principles, functions and organization of government.",71.04,Describe how independent regulatory agencies interact with the three branches of government and with citizens.,,2,Understand,knowledge,false,false,civic-dispositions; government-structure,,,,,8607110:25.10; 8607120:37.04; 8607130:62.03,1.3,1.5
8607140,Public Service Research,71.0,"Demonstrate an understanding of the principles, functions and organization of government.",71.05,"Explain expressed, implied, concurrent and reserved powers in the U.S. Constitution.",,2,Understand,knowledge,false,false,founding-documents; government-structure,,,,,8607110:25.11; 8607120:37.05,1.2,1.25
8607140,Public Service Research,71.0,"Demonstrate an understanding of the principles, functions and organization of government.",71.06,"Analyze the structures, functions and processes of the judicial branch as described in Article III of the U.S. Constitution.",,4,Analyze,knowledge,false,false,founding-documents; government-structure,,,,,8607110:25.08; 8607110:25.09; 8607110:25.12; 8607120:37.02; 8607120:37.03; 8607120:37.06; 8607130:62.01; 8607130:62.02; 8607130:62.04; 8607140:71.02; 8607140:71.03,1.3,1.5
8607140,Public Service Research,71.0,"Demonstrate an understanding of the principles, functions and organization of government.",71.07,Analyze the concept of federalism in the United States and its role in establishing the relationship between the state and national governments.,,4,Analyze,knowledge,false,false,government-structure,,,,,8607110:25.13; 8607120:37.08; 8607130:62.05,1.4,1.5
8607140,Public Service Research,71.0,"Demonstrate an understanding of the principles, functions and organization of government.",71.08,"Explain how issues between Florida, other states and the national government are resolved.",,2,Understand,knowledge,false,false,state-local,,,,,8607110:25.14; 8607120:37.09; 8607130:62.06,1.2,1.25
8607140,Public Service Research,71.0,"Demonstrate an understanding of the principles, functions and organization of government.",71.09,"Explain how citizens are affected by the local, state and national governments.",,2,Understand,knowledge,false,false,civic-dispositions; state-local,,,,,8607110:25.15; 8607120:37.10; 8607130:62.07,1.2,1.25
CAREER-READINESS,Florida's Career Readiness Skills for CTE Programs,01.0,Apply academic skills to workplace scenarios.,01.01,Use reading skills.,,3,Apply,performance,false,false,,,,,,,2,0
CAREER-READINESS,Florida's Career Readiness Skills for CTE Programs,01.0,Apply academic skills to workplace scenarios.,01.02,Use writing skills.,,3,Apply,performance,false,false,writing,,,,,,2,0
CAREER-READINESS,Florida's Career Readiness Skills for CTE Programs,01.0,Apply academic skills to workplace scenarios.,01.03,Use mathematical strategies and procedures.,,3,Apply,performance,false,false,,,,,,,2.1,0
CAREER-READINESS,Florida's Career Readiness Skills for CTE Programs,01.0,Apply academic skills to workplace scenarios.,01.04,Use scientific principles and procedures.,,3,Apply,performance,false,false,,,,,,,2.1,0
CAREER-READINESS,Florida's Career Readiness Skills for CTE Programs,02.0,Design a solution to an industry problem.,02.01,Use critical thinking.,,3,Apply,performance,false,false,problem-solving,,,,,,2.1,0
CAREER-READINESS,Florida's Career Readiness Skills for CTE Programs,02.0,Design a solution to an industry problem.,02.02,Use creativity.,,3,Apply,performance,false,false,problem-solving,,,,,,2,0
CAREER-READINESS,Florida's Career Readiness Skills for CTE Programs,02.0,Design a solution to an industry problem.,02.03,Make sound decisions.,,3,Apply,performance,false,false,problem-solving,,,,,,2.1,0
CAREER-READINESS,Florida's Career Readiness Skills for CTE Programs,02.0,Design a solution to an industry problem.,02.04,Solve problems.,,2,Understand,knowledge,false,false,,,,,,,1,0
CAREER-READINESS,Florida's Career Readiness Skills for CTE Programs,02.0,Design a solution to an industry problem.,02.05,Reason.,,2,Understand,knowledge,false,false,problem-solving,,,,,,1,0
CAREER-READINESS,Florida's Career Readiness Skills for CTE Programs,02.0,Design a solution to an industry problem.,02.06,Plan and organize.,,4,Analyze,performance,false,false,,,,,,,2,0
CAREER-READINESS,Florida's Career Readiness Skills for CTE Programs,03.0,Manage resources within an industry project,03.01,Manage time.,,2,Understand,knowledge,false,false,career-readiness,,,,,,1,0
CAREER-READINESS,Florida's Career Readiness Skills for CTE Programs,03.0,Manage resources within an industry project,03.02,Manage money or resources.,,2,Understand,knowledge,false,false,research; economics,,,,,,1.1,0
CAREER-READINESS,Florida's Career Readiness Skills for CTE Programs,03.0,Manage resources within an industry project,03.03,Manage materials.,,2,Understand,knowledge,false,false,career-readiness,,,,,,1,0
CAREER-READINESS,Florida's Career Readiness Skills for CTE Programs,03.0,Manage resources within an industry project,03.04,Manage personnel.,,2,Understand,knowledge,false,false,career-readiness,,,,,,1,0
CAREER-READINESS,Florida's Career Readiness Skills for CTE Programs,04.0,"Oversee the subcomponents, operations and output of a technical or organizational system.",04.01,Manage systems.,,2,Understand,knowledge,false,false,career-readiness,,,,,,1,0
CAREER-READINESS,Florida's Career Readiness Skills for CTE Programs,04.0,"Oversee the subcomponents, operations and output of a technical or organizational system.",04.02,Monitor systems.,,2,Understand,knowledge,false,false,project-controls,,,,,,1,0
CAREER-READINESS,Florida's Career Readiness Skills for CTE Programs,04.0,"Oversee the subcomponents, operations and output of a technical or organizational system.",04.03,Improve systems.,,2,Understand,knowledge,false,false,,,,,,,1,0
CAREER-READINESS,Florida's Career Readiness Skills for CTE Programs,05.0,Use information for decision making.,05.01,Locate information.,,1,Remember,knowledge,false,false,information-gathering,,,,,,1,0
CAREER-READINESS,Florida's Career Readiness Skills for CTE Programs,05.0,Use information for decision making.,05.02,Organize information.,,4,Analyze,knowledge,false,false,information-gathering,,,,,,1.1,0
CAREER-READINESS,Florida's Career Readiness Skills for CTE Programs,05.0,Use information for decision making.,05.03,Use information.,,3,Apply,performance,false,false,,,,,,,2,0
CAREER-READINESS,Florida's Career Readiness Skills for CTE Programs,05.0,Use information for decision making.,05.04,Analyze information.,,4,Analyze,knowledge,false,false,information-gathering,,,,,,1.1,0
CAREER-READINESS,Florida's Career Readiness Skills for CTE Programs,05.0,Use information for decision making.,05.05,Communicate information.,,2,Understand,knowledge,false,false,communication,,,,,,1.1,0
CAREER-READINESS,Florida's Career Readiness Skills for CTE Programs,06.0,Apply relevant technology to workplace scenarios to aid productivity.,06.01,Use technology.,,3,Apply,performance,false,false,technology,,,,,,2,0
CAREER-READINESS,Florida's Career Readiness Skills for CTE Programs,07.0,Interpret and express interpersonal communication.,07.01,Communicate verbally.,,2,Understand,knowledge,false,false,communication,,,,,,1.1,0
CAREER-READINESS,Florida's Career Readiness Skills for CTE Programs,07.0,Interpret and express interpersonal communication.,07.02,Listen actively.,,2,Understand,knowledge,false,false,,,,,,,1,0
CAREER-READINESS,Florida's Career Readiness Skills for CTE Programs,07.0,Interpret and express interpersonal communication.,07.03,Comprehend written material.,,2,Understand,knowledge,false,false,reading-analysis,,,,,,1.1,0
CAREER-READINESS,Florida's Career Readiness Skills for CTE Programs,07.0,Interpret and express interpersonal communication.,07.04,Convey information in writing.,,2,Understand,knowledge,false,false,writing,,,,,,1.1,0
CAREER-READINESS,Florida's Career Readiness Skills for CTE Programs,07.0,Interpret and express interpersonal communication.,07.05,Communicate nonverbally.,,2,Understand,knowledge,false,false,communication,,,,,,1.1,0
CAREER-READINESS,Florida's Career Readiness Skills for CTE Programs,07.0,Interpret and express interpersonal communication.,07.06,Interpret nonverbal communication.,,2,Understand,knowledge,false,false,communication,,,,,,1.1,0
CAREER-READINESS,Florida's Career Readiness Skills for CTE Programs,08.0,Interact with others to accomplish workplace goals.,08.01,Collaborate with others in a team.,,2,Understand,knowledge,false,false,project-roles,,,,,,1.1,0
CAREER-READINESS,Florida's Career Readiness Skills for CTE Programs,08.0,Interact with others to accomplish workplace goals.,08.02,Respond to customer needs.,,3,Apply,knowledge,false,false,employability,,,,,,1.1,0
CAREER-READINESS,Florida's Career Readiness Skills for CTE Programs,08.0,Interact with others to accomplish workplace goals.,08.03,Exercise leadership.,,2,Understand,knowledge,false,false,leadership,,,,,,1.1,0
CAREER-READINESS,Florida's Career Readiness Skills for CTE Programs,08.0,Interact with others to accomplish workplace goals.,08.04,Negotiate to resolve conflict.,,2,Understand,knowledge,false,false,problem-solving,,,,,,1.1,0
CAREER-READINESS,Florida's Career Readiness Skills for CTE Programs,08.0,Interact with others to accomplish workplace goals.,08.05,Respect others.,,2,Understand,knowledge,false,false,diversity,,,,,,1,0
CAREER-READINESS,Florida's Career Readiness Skills for CTE Programs,09.0,Manage personal behavior to maximize productivity and professional growth.,09.01,Demonstrate responsibility and self-discipline.,,3,Apply,performance,false,false,ethics,,,,,,2.1,0
CAREER-READINESS,Florida's Career Readiness Skills for CTE Programs,09.0,Manage personal behavior to maximize productivity and professional growth.,09.02,Adapt and show flexibility.,,2,Understand,knowledge,false,false,career-readiness,,,,,,1.1,0
CAREER-READINESS,Florida's Career Readiness Skills for CTE Programs,09.0,Manage personal behavior to maximize productivity and professional growth.,09.03,Work independently.,,2,Understand,knowledge,false,false,career-readiness,,,,,,1,0
CAREER-READINESS,Florida's Career Readiness Skills for CTE Programs,09.0,Manage personal behavior to maximize productivity and professional growth.,09.04,Demonstrate a willingness to learn.,,3,Apply,performance,false,false,career-readiness,,,,,,2.1,0
CAREER-READINESS,Florida's Career Readiness Skills for CTE Programs,09.0,Manage personal behavior to maximize productivity and professional growth.,09.05,Demonstrate integrity.,,3,Apply,performance,false,false,ethics,,,,,,2.1,0
CAREER-READINESS,Florida's Career Readiness Skills for CTE Programs,09.0,Manage personal behavior to maximize productivity and professional growth.,09.06,Demonstrate professionalism.,,3,Apply,performance,false,false,ethics,,,,,,2.1,0
CAREER-READINESS,Florida's Career Readiness Skills for CTE Programs,09.0,Manage personal behavior to maximize productivity and professional growth.,09.07,Take initiative.,,3,Apply,performance,false,false,career-readiness,,,,,,2,0
CAREER-READINESS,Florida's Career Readiness Skills for CTE Programs,09.0,Manage personal behavior to maximize productivity and professional growth.,09.08,Display positive attitude.,,3,Apply,knowledge,false,false,ethics,,,,,,1.1,0
CAREER-READINESS,Florida's Career Readiness Skills for CTE Programs,09.0,Manage personal behavior to maximize productivity and professional growth.,09.09,Take responsibility for professional growth.,,3,Apply,performance,false,false,ethics; career-readiness,,,,,,2.1,0
CAREER-READINESS,Florida's Career Readiness Skills for CTE Programs,10.0,Explain career opportunities aligned with the regional economy and personal aspirations.,10.01,"Describe regional occupations that are high-demand, high-growth, high-wage and/or high-skill.",,2,Understand,knowledge,false,false,career-planning,,,,,,1.2,0
CAREER-READINESS,Florida's Career Readiness Skills for CTE Programs,10.0,Explain career opportunities aligned with the regional economy and personal aspirations.,10.02,"Describe careers aligned with his or her interests, skills and values based on career assessment, experiential learning, career informational interviews, research and/or reflection.",,2,Understand,knowledge,false,false,research; employability; career-planning; experiential,,,,,,1.5,0
CAREER-READINESS,Florida's Career Readiness Skills for CTE Programs,11.0,Explain postsecondary pathways aligned with his or her career aspirations.,11.01,"Compare and contrast postsecondary pathways, including education, employment, entrepreneurship and enlistment (the ""Four Es"").",,2,Understand,knowledge,false,false,career-planning,,,,,,1.3,0
CAREER-READINESS,Florida's Career Readiness Skills for CTE Programs,11.0,Explain postsecondary pathways aligned with his or her career aspirations.,11.02,"Compare and contrast regional postsecondary training provider options, including apprenticeships, technical colleges, state colleges, universities and industry-recognized certification providers.",,2,Understand,knowledge,false,false,career-planning,,,,,,1.5,0
CAREER-READINESS,Florida's Career Readiness Skills for CTE Programs,11.0,Explain postsecondary pathways aligned with his or her career aspirations.,11.03,"Define postsecondary credentialing and stacking options, including industry-recognized certifications, apprenticeship certificates of completion, career certificates, licenses and associate or baccalaureate degrees.",,1,Remember,knowledge,false,false,career-planning,,,,,,1.5,0
CAREER-READINESS,Florida's Career Readiness Skills for CTE Programs,11.0,Explain postsecondary pathways aligned with his or her career aspirations.,11.04,"Compare postsecondary training data for training programs of interest, such as total costs, average student loan debt, and median earnings and job placement rates after program completion.",,2,Understand,knowledge,false,false,employability; career-planning; economics,,,,,,1.5,0
CAREER-READINESS,Florida's Career Readiness Skills for CTE Programs,12.0,Develop a personalized career and academic plan.,12.01,"Prioritize an occupation, credential and postsecondary training provider for plan formation.",,2,Understand,knowledge,false,false,career-planning,,,,,,1.2,0
CAREER-READINESS,Florida's Career Readiness Skills for CTE Programs,12.0,Develop a personalized career and academic plan.,12.02,Self-assess progress toward meeting graduation requirements and skill-development goals.,,2,Understand,knowledge,false,false,career-planning,,,,,,1.2,0
CAREER-READINESS,Florida's Career Readiness Skills for CTE Programs,12.0,Develop a personalized career and academic plan.,12.03,"Develop and complete a chronological checklist of steps and deadlines prior to postsecondary training or national service application that includes any required documentation to gather, writing prompts and examinations.",,6,Create,performance,false,false,writing; career-planning,,,,,,2.5,0
CAREER-READINESS,Florida's Career Readiness Skills for CTE Programs,12.0,Develop a personalized career and academic plan.,12.04,"Identify a variety of financial aid opportunities, including scholarships, grants, savings, work, work-study programs, private loans and federal loans.",,1,Remember,knowledge,false,false,career-planning,,,,,,1.4,0
CAREER-READINESS,Florida's Career Readiness Skills for CTE Programs,12.0,Develop a personalized career and academic plan.,12.05,Develop a postsecondary training budget that is inclusive of living and school expenses.,,6,Create,performance,false,false,career-planning,,,,,,2.2,0
CAREER-READINESS,Florida's Career Readiness Skills for CTE Programs,13.0,"Find, assess and apply to job opportunities.",13.01,Identify online job posts relevant to his or her career aspirations.,,1,Remember,knowledge,false,false,employability; career-planning,,,,,,1.2,0
CAREER-READINESS,Florida's Career Readiness Skills for CTE Programs,13.0,"Find, assess and apply to job opportunities.",13.02,"Compare and contrast the job posts' required qualifications, job duties, compensation, benefits and employers.",,2,Understand,knowledge,false,false,employability; economics,,,,,,1.3,0
CAREER-READINESS,Florida's Career Readiness Skills for CTE Programs,13.0,"Find, assess and apply to job opportunities.",13.03,"Define what information, documentation and writing prompts are required for the positions.",,1,Remember,knowledge,false,false,writing,,,,,,1.2,0
CAREER-READINESS,Florida's Career Readiness Skills for CTE Programs,14.0,"Communicate personal competence, character and fit for a job opportunity.",14.01,Develop a resume.,,6,Create,performance,false,false,employability,,,,,,2,0
CAREER-READINESS,Florida's Career Readiness Skills for CTE Programs,14.0,"Communicate personal competence, character and fit for a job opportunity.",14.02,Write a cover letter.,,3,Apply,performance,false,false,writing,,,,,,2.1,0
CAREER-READINESS,Florida's Career Readiness Skills for CTE Programs,14.0,"Communicate personal competence, character and fit for a job opportunity.",14.03,Curate a professional portfolio that includes work products.,,2,Understand,knowledge,false,false,project-management; ethics; employability,,,,,,1.2,0
CAREER-READINESS,Florida's Career Readiness Skills for CTE Programs,14.0,"Communicate personal competence, character and fit for a job opportunity.",14.04,Prepare for and experience a mock job interview.,,3,Apply,performance,false,true,employability,,,,,,2.6,0
CAREER-READINESS,Florida's Career Readiness Skills for CTE Programs,15.0,Cultivate and leverage relationships to professionally advance.,15.01,"Request a signed reference letter, letter of recommendation and/or an online skill/professionalism endorsement.",,2,Understand,knowledge,false,false,ethics; employability,,,,,,1.3,0
CAREER-READINESS,Florida's Career Readiness Skills for CTE Programs,15.0,Cultivate and leverage relationships to professionally advance.,15.02,Develop a plan to cultivate a professional digital footprint.,,6,Create,performance,false,false,media-literacy; ethics,,,,,,2.2,0
CAREER-READINESS,Florida's Career Readiness Skills for CTE Programs,15.0,Cultivate and leverage relationships to professionally advance.,15.03,Develop a networking plan for a specific industry of interest.,,6,Create,performance,false,false,employability,,,,,,2.2,0
